ID, Name, Background, Tribe, Eyewear, Headwear, Outerwear, Cosmic, Enlightened, Glitch, Jade
0, Fast Food Moonbirds#1, pink, Tribe 3, None, Domino's pizza, Hoodie, , , , 
1, Fast Food Moonbirds#2, pink, Tribe 1, None, MacDonald's Red, Uniform, , , , 
2, Fast Food Moonbirds#3, green, Tribe 8, None, MacDonald's Black, Uniform, , , , 
3, Fast Food Moonbirds#4, pink, Tribe 9, None, Fries, Uniform, , , , 
4, Fast Food Moonbirds#5, green, Tribe 6, 3d Glasses, Burger, Hoodie, , , , 
5, Fast Food Moonbirds#6, purple, Tribe 2, None, Dunkin D2, Hoodie Down, , , , 
6, Fast Food Moonbirds#7, green, Tribe 3, Jobs Glasses, Burger King, Uniform, , , , 
7, Fast Food Moonbirds#8, gray, Tribe 1, None, Burger, Bow Tie, , , , 
8, Fast Food Moonbirds#9, blue, Tribe 2, None, Burger King, None, , , , 
9, Fast Food Moonbirds#10, blue, Tribe 1, None, Wendy, None, , , , 
10, Fast Food Moonbirds#11, green, Tribe 6, None, Wendy, Hoodie Down, , , , 
11, Fast Food Moonbirds#12, blue, Tribe 8, None, Fries, Uniform, , , , 
12, Fast Food Moonbirds#13, green, Tribe 10, None, Chef White, Hoodie Down, , , , 
13, Fast Food Moonbirds#14, pink, Tribe 9, None, MacDonald's White, Uniform, , , , 
14, Fast Food Moonbirds#15, green, Tribe 8, None, Dunkin D2, Uniform, , , , 
15, Fast Food Moonbirds#16, purple, Tribe 4, None, Dunkin D1, Gold Chain, , , , 
16, Fast Food Moonbirds#17, purple, Tribe 4, None, Pizza Hut, Gold Chain, , , , 
17, Fast Food Moonbirds#18, green, Tribe 10, None, MacDonald's White, None, , , , 
18, Fast Food Moonbirds#19, purple, Tribe 7, None, Dunkin D2, Uniform, , , , 
19, Fast Food Moonbirds#20, blue, Tribe 10, None, MacDonald's Red, None, , , , 
20, Fast Food Moonbirds#21, yellow, Tribe 4, None, Chef White, Hoodie, , , , 
21, Fast Food Moonbirds#22, gray, Tribe 6, None, Pizza Hut, Uniform, , , , 
22, Fast Food Moonbirds#23, green, Tribe 1, None, Pizza Hut, Hoodie Down, , , , 
23, Fast Food Moonbirds#24, blue, Tribe 8, None, Burger King, Uniform, , , , 
24, Fast Food Moonbirds#25, blue, Tribe 7, None, Wendy, Hoodie Down, , , , 
25, Fast Food Moonbirds#26, green, Tribe 5, None, Domino's pizza, Uniform, , , , 
26, Fast Food Moonbirds#27, blue, Tribe 5, None, MacDonald's Red, None, , , , 
27, Fast Food Moonbirds#28, gray, Tribe 1, None, Fries, None, , , , 
28, Fast Food Moonbirds#29, yellow, Tribe 6, Eyepatch, Dunkin D2, Bow Tie, , , , 
29, Fast Food Moonbirds#30, pink, Tribe 3, None, Dunkin D1, Uniform, , , , 
30, Fast Food Moonbirds#31, purple, Tribe 8, None, Dunkin D1, None, , , , 
31, Fast Food Moonbirds#32, blue, Tribe 4, None, Pizza Hut, Bow Tie, , , , 
32, Fast Food Moonbirds#33, blue, Tribe 3, None, MacDonald's Red, Uniform, , , , 
33, Fast Food Moonbirds#34, purple, Tribe 1, None, Dunkin D2, Hoodie, , , , 
34, Fast Food Moonbirds#35, pink, Tribe 7, None, Wendy, Uniform, , , , 
35, Fast Food Moonbirds#36, gray, Tribe 10, None, Dunkin D1, Uniform, , , , 
36, Fast Food Moonbirds#37, pink, Tribe 4, None, Dunkin D2, Hoodie Down, , , , 
37, Fast Food Moonbirds#38, blue, Tribe 3, None, MacDonald's Black, Hoodie Down, , , , 
38, Fast Food Moonbirds#39, blue, Tribe 6, None, MacDonald's Black, Hoodie Down, , , , 
39, Fast Food Moonbirds#40, pink, Tribe 2, None, MacDonald's White, Hoodie Down, , , , 
40, Fast Food Moonbirds#41, yellow, Tribe 4, None, Chicken, Diamond Necklace, , , , 
41, Fast Food Moonbirds#42, yellow, Tribe 1, None, Dunkin D1, Diamond Necklace, , , , 
42, Fast Food Moonbirds#43, purple, Tribe 4, None, Dunkin D1, Hoodie Down, , , , 
43, Fast Food Moonbirds#44, yellow, Tribe 8, None, Burger King, Hoodie Down, , , , 
44, Fast Food Moonbirds#45, green, Tribe 12, None, Dunkin D2, None, , , , 
45, Fast Food Moonbirds#46, yellow, Tribe 3, Sunglasses, Wendy, Hoodie Down, , , , 
46, Fast Food Moonbirds#47, blue, Tribe 8, Sunglasses, MacDonald's Red, Uniform, , , , 
47, Fast Food Moonbirds#48, green, Tribe 1, Rose Colored Glasses, Burger King, None, , , , 
48, Fast Food Moonbirds#49, purple, Tribe 10, None, Fries, Diamond Necklace, , , , 
49, Fast Food Moonbirds#50, pink, Tribe 6, None, White Castle, None, , , , 
50, Fast Food Moonbirds#51, pink, Tribe 9, None, Fries, Hoodie Down, , , , 
51, Fast Food Moonbirds#52, green, Tribe 8, None, Burger King, Uniform, , , , 
52, Fast Food Moonbirds#53, pink, Tribe 6, None, Dunkin D1, Hoodie Down, , , , 
53, Fast Food Moonbirds#54, blue, Tribe 1, None, Chef White, Hoodie Down, , , , 
54, Fast Food Moonbirds#55, purple, Tribe 3, None, Domino's pizza, None, , , , 
55, Fast Food Moonbirds#56, purple, Tribe 1, None, Dunkin D2, Uniform, , , , 
56, Fast Food Moonbirds#57, pink, Tribe 2, Visor, Fries, Uniform, , , , 
57, Fast Food Moonbirds#58, purple, Tribe 1, None, Dunkin D2, Hoodie Down, , , , 
58, Fast Food Moonbirds#59, yellow, Tribe 3, None, Dunkin D1, Hoodie Down, , , , 
59, Fast Food Moonbirds#60, gray, Tribe 2, None, Fries, Uniform, , , , 
60, Fast Food Moonbirds#61, blue, Tribe 9, Jobs Glasses, MacDonald's Red, Bow Tie, , , , 
61, Fast Food Moonbirds#62, yellow, Tribe 8, Eyepatch, Domino's pizza, Uniform, , , , 
62, Fast Food Moonbirds#63, gray, Tribe 7, None, Domino's pizza, None, , , , 
63, Fast Food Moonbirds#64, yellow, Tribe 4, None, Domino's pizza, Uniform, , , , 
64, Fast Food Moonbirds#65, pink, Tribe 2, None, White Castle, Uniform, , , , 
65, Fast Food Moonbirds#66, green, Tribe 10, None, MacDonald's Red, None, , , , 
66, Fast Food Moonbirds#67, yellow, Tribe 10, None, Dunkin D2, Uniform, , , , 
67, Fast Food Moonbirds#68, gray, Tribe 6, None, Dunkin D2, None, , , , 
68, Fast Food Moonbirds#69, pink, Tribe 6, None, Burger King, Uniform, , , , 
69, Fast Food Moonbirds#70, purple, Tribe 7, None, Chef White, Hoodie Down, , , , 
70, Fast Food Moonbirds#71, pink, Tribe 8, None, Burger King, Uniform, , , , 
71, Fast Food Moonbirds#72, purple, Tribe 1, None, Wendy, None, , , , 
72, Fast Food Moonbirds#73, green, Tribe 5, None, Chef Red, Hoodie, , , , 
73, Fast Food Moonbirds#74, yellow, Tribe 8, None, Domino's pizza, Gold Chain, , , , 
74, Fast Food Moonbirds#75, gray, Tribe 5, Eyepatch, Dunkin D1, Hoodie, , , , 
75, Fast Food Moonbirds#76, blue, Tribe 6, None, Dunkin D1, None, , , , 
76, Fast Food Moonbirds#77, purple, Tribe 7, None, Dunkin D2, Hoodie Down, , , , 
77, Fast Food Moonbirds#78, blue, Tribe 4, Gazelles, Chef Red, None, , , , 
78, Fast Food Moonbirds#79, purple, Tribe 3, None, Chicken, Bow Tie, , , , 
79, Fast Food Moonbirds#80, pink, Tribe 5, Gazelles, MacDonald's Red, Hoodie Down, , , , 
80, Fast Food Moonbirds#81, gray, Tribe 9, None, Pizza Hut, Bow Tie, , , , 
81, Fast Food Moonbirds#82, gray, Tribe 1, None, Fries, Bow Tie, , , , 
82, Fast Food Moonbirds#83, blue, Tribe 4, None, MacDonald's Red, Hoodie Down, , , , 
83, Fast Food Moonbirds#84, pink, Tribe 1, None, Pizza Hut, Hoodie, , , , 
84, Fast Food Moonbirds#85, pink, Tribe 3, None, MacDonald's Black, Hoodie, , , , 
85, Fast Food Moonbirds#86, yellow, Tribe 1, None, Dunkin D1, Hoodie, , , , 
86, Fast Food Moonbirds#87, yellow, Tribe 3, None, Wendy, Bow Tie, , , , 
87, Fast Food Moonbirds#88, green, Tribe 4, None, Dunkin D1, Bow Tie, , , , 
88, Fast Food Moonbirds#89, yellow, Tribe 3, None, MacDonald's Red, Uniform, , , , 
89, Fast Food Moonbirds#90, pink, Tribe 4, None, Domino's pizza, Hoodie, , , , 
90, Fast Food Moonbirds#91, yellow, Tribe 2, None, Pizza Hut, None, , , , 
91, Fast Food Moonbirds#92, blue, Tribe 10, Gazelles, Chef Red, Bow Tie, , , , 
92, Fast Food Moonbirds#93, pink, Tribe 6, None, Dunkin D2, Hoodie Down, , , , 
93, Fast Food Moonbirds#94, gray, Tribe 3, None, MacDonald's Black, Hoodie, , , , 
94, Fast Food Moonbirds#95, yellow, Tribe 2, None, Dunkin D2, None, , , , 
95, Fast Food Moonbirds#96, purple, Tribe 7, None, Fries, Diamond Necklace, , , , 
96, Fast Food Moonbirds#97, blue, Tribe 3, Sunglasses, MacDonald's White, Uniform, , , , 
97, Fast Food Moonbirds#98, yellow, Tribe 4, None, MacDonald's Red, Hoodie, , , , 
98, Fast Food Moonbirds#99, purple, Tribe 6, None, Chicken, Hoodie Down, , , , 
99, Fast Food Moonbirds#100, yellow, Tribe 10, None, MacDonald's Black, Bow Tie, , , , 
100, Fast Food Moonbirds#101, yellow, Tribe 6, Eyepatch, MacDonald's Black, Hoodie Down, , , , 
101, Fast Food Moonbirds#102, blue, Tribe 3, None, Chef Red, Hoodie Down, , , , 
102, Fast Food Moonbirds#103, purple, Tribe 5, None, MacDonald's Red, Bow Tie, , , , 
103, Fast Food Moonbirds#104, pink, Tribe 4, None, Fries, Uniform, , , , 
104, Fast Food Moonbirds#105, gray, Tribe 6, None, Chef White, Uniform, , , , 
105, Fast Food Moonbirds#106, pink, Tribe 4, None, Chef Red, Uniform, , , , 
106, Fast Food Moonbirds#107, purple, Tribe 1, None, Fries, Bow Tie, , , , 
107, Fast Food Moonbirds#108, blue, Tribe 7, None, White Castle, None, , , , 
108, Fast Food Moonbirds#109, green, Tribe 4, 3d Glasses, MacDonald's White, Bow Tie, , , , 
109, Fast Food Moonbirds#110, yellow, Tribe 6, 3d Glasses, Wendy, Uniform, , , , 
110, Fast Food Moonbirds#111, green, Tribe 3, None, MacDonald's Red, Bow Tie, , , , 
111, Fast Food Moonbirds#112, green, Tribe 3, None, Fries, Hoodie Down, , , , 
112, Fast Food Moonbirds#113, pink, Tribe 1, None, Dunkin D1, Bow Tie, , , , 
113, Fast Food Moonbirds#114, purple, Tribe 3, None, Fries, None, , , , 
114, Fast Food Moonbirds#115, purple, Tribe 1, None, Burger King, Uniform, , , , 
115, Fast Food Moonbirds#116, green, Tribe 6, Jobs Glasses, Wendy, Diamond Necklace, , , , 
116, Fast Food Moonbirds#117, yellow, Tribe 9, None, Pizza Hut, Hoodie Down, , , , 
117, Fast Food Moonbirds#118, gray, Tribe 3, None, Dunkin D2, Hoodie, , , , 
118, Fast Food Moonbirds#119, purple, Tribe 4, None, Dunkin D2, None, , , , 
119, Fast Food Moonbirds#120, purple, Tribe 8, None, Dunkin D2, None, , , , 
120, Fast Food Moonbirds#121, gray, Tribe 4, None, MacDonald's White, Hoodie, , , , 
121, Fast Food Moonbirds#122, blue, Tribe 6, None, Burger, Uniform, , , , 
122, Fast Food Moonbirds#123, gray, Tribe 2, None, Dunkin D1, Bow Tie, , , , 
123, Fast Food Moonbirds#124, purple, Tribe 5, None, Dunkin D2, Uniform, , , , 
124, Fast Food Moonbirds#125, green, Tribe 7, None, Fries, Bow Tie, , , , 
125, Fast Food Moonbirds#126, blue, Tribe 4, None, Dunkin D1, None, , , , 
126, Fast Food Moonbirds#127, yellow, Tribe 4, None, MacDonald's Black, Hoodie Down, , , , 
127, Fast Food Moonbirds#128, gray, Tribe 5, None, Cola, Hoodie, , , , 
128, Fast Food Moonbirds#129, green, Tribe 2, None, Pizza Hut, Hoodie Down, , , , 
129, Fast Food Moonbirds#130, blue, Tribe 8, Eyepatch, MacDonald's Red, Uniform, , , , 
130, Fast Food Moonbirds#131, gray, Tribe 2, None, White Castle, None, , , , 
131, Fast Food Moonbirds#132, purple, Tribe 2, None, MacDonald's Black, Hoodie Down, , , , 
132, Fast Food Moonbirds#133, gray, Tribe 4, None, MacDonald's White, Uniform, , , , 
133, Fast Food Moonbirds#134, purple, Tribe 8, None, Pizza Hut, None, , , , 
134, Fast Food Moonbirds#135, purple, Tribe 4, None, Burger King, None, , , , 
135, Fast Food Moonbirds#136, gray, Tribe 6, None, MacDonald's Black, Uniform, , , , 
136, Fast Food Moonbirds#137, purple, Tribe 4, None, MacDonald's White, None, , , , 
137, Fast Food Moonbirds#138, pink, Tribe 1, None, Wendy, Gold Chain, , , , 
138, Fast Food Moonbirds#139, blue, Tribe 5, Sunglasses, Burger King, Uniform, , , , 
139, Fast Food Moonbirds#140, yellow, Tribe 4, None, Fries, Hoodie Down, , , , 
140, Fast Food Moonbirds#141, purple, Tribe 3, None, MacDonald's Red, Hoodie Down, , , , 
141, Fast Food Moonbirds#142, gray, Tribe 4, None, Dunkin D2, Uniform, , , , 
142, Fast Food Moonbirds#143, purple, Tribe 7, None, Dunkin D2, Hoodie, , , , 
143, Fast Food Moonbirds#144, yellow, Tribe 8, None, MacDonald's Red, Hoodie, , , , 
144, Fast Food Moonbirds#145, blue, Tribe 8, None, Pizza Hut, Uniform, , , , 
145, Fast Food Moonbirds#146, purple, Tribe 3, Black Rimmed Glasses, Dunkin D1, None, , , , 
146, Fast Food Moonbirds#147, gray, Tribe 10, None, MacDonald's Black, Uniform, , , , 
147, Fast Food Moonbirds#148, pink, Tribe 6, None, MacDonald's White, Hoodie Down, , , , 
148, Fast Food Moonbirds#149, blue, Tribe 2, None, MacDonald's White, Hoodie Down, , , , 
149, Fast Food Moonbirds#150, pink, Tribe 6, Sunglasses, Dunkin D1, Hoodie, , , , 
150, Fast Food Moonbirds#151, gray, Tribe 6, None, Dunkin D2, Uniform, , , , 
151, Fast Food Moonbirds#152, green, Tribe 9, None, White Castle, Hoodie, , , , 
152, Fast Food Moonbirds#153, pink, Tribe 3, None, Chef White, Bow Tie, , , , 
153, Fast Food Moonbirds#154, pink, Tribe 3, Gazelles, Dunkin D1, Uniform, , , , 
154, Fast Food Moonbirds#155, pink, Tribe 1, Jobs Glasses, MacDonald's White, Uniform, , , , 
155, Fast Food Moonbirds#156, yellow, Tribe 6, None, Domino's pizza, Uniform, , , , 
156, Fast Food Moonbirds#157, blue, Tribe 9, None, Pizza Hut, Hoodie, , , , 
157, Fast Food Moonbirds#158, purple, Tribe 7, None, MacDonald's Red, None, , , , 
158, Fast Food Moonbirds#159, pink, Tribe 12, None, MacDonald's Red, Uniform, , , , 
159, Fast Food Moonbirds#160, purple, Tribe 1, None, Domino's pizza, Diamond Necklace, , , , 
160, Fast Food Moonbirds#161, green, Tribe 2, None, MacDonald's White, Uniform, , , , 
161, Fast Food Moonbirds#162, yellow, Tribe 13, None, MacDonald's Black, None, , , , 
162, Fast Food Moonbirds#163, green, Tribe 6, None, MacDonald's Black, Hoodie Down, , , , 
163, Fast Food Moonbirds#164, pink, Tribe 10, None, Domino's pizza, None, , , , 
164, Fast Food Moonbirds#165, yellow, Tribe 3, None, Dunkin D2, Uniform, , , , 
165, Fast Food Moonbirds#166, yellow, Tribe 3, None, Dunkin D1, Uniform, , , , 
166, Fast Food Moonbirds#167, purple, Tribe 8, Black Rimmed Glasses, MacDonald's Red, Hoodie Down, , , , 
167, Fast Food Moonbirds#168, gray, Tribe 4, None, Dunkin D2, Gold Chain, , , , 
168, Fast Food Moonbirds#169, yellow, Tribe 1, Jobs Glasses, MacDonald's Black, Hoodie, , , , 
169, Fast Food Moonbirds#170, gray, Tribe 3, Black Rimmed Glasses, White Castle, Uniform, , , , 
170, Fast Food Moonbirds#171, green, Tribe 6, None, White Castle, None, , , , 
171, Fast Food Moonbirds#172, pink, Tribe 8, None, Fries, Hoodie Down, , , , 
172, Fast Food Moonbirds#173, gray, Tribe 3, None, MacDonald's White, Uniform, , , , 
173, Fast Food Moonbirds#174, yellow, Tribe 1, None, Pizza Hut, Bow Tie, , , , 
174, Fast Food Moonbirds#175, gray, Tribe 3, None, MacDonald's White, Bow Tie, , , , 
175, Fast Food Moonbirds#176, blue, Tribe 3, Black Rimmed Glasses, MacDonald's White, Uniform, , , , 
176, Fast Food Moonbirds#177, purple, Tribe 6, None, MacDonald's White, Gold Chain, , , , 
177, Fast Food Moonbirds#178, blue, Tribe 4, Gazelles, Domino's pizza, Diamond Necklace, , , , 
178, Fast Food Moonbirds#179, blue, Tribe 2, None, Pizza Hut, Uniform, , , , 
179, Fast Food Moonbirds#180, blue, Tribe 2, None, Domino's pizza, Uniform, , , , 
180, Fast Food Moonbirds#181, gray, Tribe 10, None, MacDonald's Black, Diamond Necklace, , , , 
181, Fast Food Moonbirds#182, green, Tribe 6, None, Fries, Gold Chain, , , , 
182, Fast Food Moonbirds#183, blue, Tribe 8, None, Domino's pizza, Uniform, , , , 
183, Fast Food Moonbirds#184, purple, Tribe 4, None, Domino's pizza, Uniform, , , , 
184, Fast Food Moonbirds#185, pink, Tribe 10, Rose Colored Glasses, Dunkin D2, Uniform, , , , 
185, Fast Food Moonbirds#186, purple, Tribe 4, None, Burger King, Bow Tie, , , , 
186, Fast Food Moonbirds#187, pink, Tribe 7, Eyepatch, Wendy, Uniform, , , , 
187, Fast Food Moonbirds#188, pink, Tribe 9, None, Dunkin D1, Hoodie Down, , , , 
188, Fast Food Moonbirds#189, pink, Tribe 8, None, MacDonald's White, Hoodie Down, , , , 
189, Fast Food Moonbirds#190, blue, Tribe 4, Gazelles, Chicken, None, , , , 
190, Fast Food Moonbirds#191, purple, Tribe 8, 3d Glasses, Burger King, Hoodie, , , , 
191, Fast Food Moonbirds#192, green, Tribe 8, None, Fries, Bow Tie, , , , 
192, Fast Food Moonbirds#193, yellow, Tribe 4, None, Wendy, Uniform, , , , 
193, Fast Food Moonbirds#194, green, Tribe 4, None, Wendy, Uniform, , , , 
194, Fast Food Moonbirds#195, yellow, Tribe 7, None, MacDonald's Red, None, , , , 
195, Fast Food Moonbirds#196, pink, Tribe 6, None, Dunkin D1, Uniform, , , , 
196, Fast Food Moonbirds#197, gray, Tribe 6, None, White Castle, None, , , , 
197, Fast Food Moonbirds#198, pink, Tribe 2, None, MacDonald's Black, Bow Tie, , , , 
198, Fast Food Moonbirds#199, gray, Tribe 5, None, Pizza Hut, Hoodie, , , , 
199, Fast Food Moonbirds#200, pink, Tribe 6, None, Domino's pizza, Hoodie Down, , , , 
200, Fast Food Moonbirds#201, blue, Tribe 6, None, Wendy, Hoodie Down, , , , 
201, Fast Food Moonbirds#202, purple, Tribe 4, None, Chef White, Hoodie Down, , , , 
202, Fast Food Moonbirds#203, blue, Tribe 2, None, MacDonald's White, None, , , , 
203, Fast Food Moonbirds#204, yellow, Tribe 8, None, Burger, Hoodie, , , , 
204, Fast Food Moonbirds#205, purple, Tribe 4, Jobs Glasses, Fries, Hoodie, , , , 
205, Fast Food Moonbirds#206, gray, Tribe 4, None, Dunkin D2, Bow Tie, , , , 
206, Fast Food Moonbirds#207, blue, Tribe 4, Jobs Glasses, Chef Red, Uniform, , , , 
207, Fast Food Moonbirds#208, gray, Tribe 4, None, MacDonald's Red, None, , , , 
208, Fast Food Moonbirds#209, purple, Tribe 3, None, White Castle, Uniform, , , , 
209, Fast Food Moonbirds#210, green, Tribe 6, None, Dunkin D1, Hoodie, , , , 
210, Fast Food Moonbirds#211, gray, Tribe 4, None, MacDonald's Red, Uniform, , , , 
211, Fast Food Moonbirds#212, purple, Tribe 6, None, MacDonald's White, Hoodie, , , , 
212, Fast Food Moonbirds#213, pink, Tribe 8, None, White Castle, Hoodie, , , , 
213, Fast Food Moonbirds#214, pink, Tribe 6, None, MacDonald's White, Uniform, , , , 
214, Fast Food Moonbirds#215, pink, Tribe 6, None, MacDonald's Red, Bow Tie, , , , 
215, Fast Food Moonbirds#216, pink, Tribe 9, None, Burger King, Hoodie, , , , 
216, Fast Food Moonbirds#217, gray, Tribe 2, Visor, Chef Red, Bow Tie, , , , 
217, Fast Food Moonbirds#218, green, Tribe 9, None, Fries, Hoodie, , , , 
218, Fast Food Moonbirds#219, yellow, Tribe 10, None, MacDonald's Red, Hoodie Down, , , , 
219, Fast Food Moonbirds#220, blue, Tribe 1, None, MacDonald's White, Hoodie Down, , , , 
220, Fast Food Moonbirds#221, pink, Tribe 13, None, Burger, Hoodie Down, , , , 
221, Fast Food Moonbirds#222, gray, Tribe 8, None, Pizza Hut, None, , , , 
222, Fast Food Moonbirds#223, green, Tribe 5, None, MacDonald's White, Uniform, , , , 
223, Fast Food Moonbirds#224, purple, Tribe 2, None, White Castle, Hoodie, , , , 
224, Fast Food Moonbirds#225, yellow, Tribe 3, None, Wendy, Diamond Necklace, , , , 
225, Fast Food Moonbirds#226, pink, Tribe 10, None, MacDonald's Red, Hoodie Down, , , , 
226, Fast Food Moonbirds#227, gray, Tribe 4, Sunglasses, Dunkin D2, Hoodie Down, , , , 
227, Fast Food Moonbirds#228, gray, Tribe 5, Black Rimmed Glasses, Dunkin D1, Hoodie, , , , 
228, Fast Food Moonbirds#229, gray, Tribe 8, Eyepatch, Wendy, Uniform, , , , 
229, Fast Food Moonbirds#230, gray, Tribe 8, None, White Castle, Hoodie, , , , 
230, Fast Food Moonbirds#231, blue, Tribe 3, None, Domino's pizza, Hoodie Down, , , , 
231, Fast Food Moonbirds#232, gray, Tribe 4, None, Fries, Uniform, , , , 
232, Fast Food Moonbirds#233, gray, Tribe 4, None, White Castle, Diamond Necklace, , , , 
233, Fast Food Moonbirds#234, green, Tribe 8, None, Chef Red, Diamond Necklace, , , , 
234, Fast Food Moonbirds#235, pink, Tribe 13, None, Pizza Hut, Hoodie Down, , , , 
235, Fast Food Moonbirds#236, yellow, Tribe 4, None, MacDonald's White, Bow Tie, , , , 
236, Fast Food Moonbirds#237, purple, Tribe 10, None, White Castle, Gold Chain, , , , 
237, Fast Food Moonbirds#238, pink, Tribe 1, None, Fries, Hoodie, , , , 
238, Fast Food Moonbirds#239, pink, Tribe 10, None, Dunkin D1, Hoodie Down, , , , 
239, Fast Food Moonbirds#240, yellow, Tribe 3, None, MacDonald's White, None, , , , 
240, Fast Food Moonbirds#241, purple, Tribe 10, None, Fries, Hoodie Down, , , , 
241, Fast Food Moonbirds#242, purple, Tribe 4, None, MacDonald's Black, Hoodie Down, , , , 
242, Fast Food Moonbirds#243, green, Tribe 10, Black Rimmed Glasses, Fries, Uniform, , , , 
243, Fast Food Moonbirds#244, pink, Tribe 5, None, Wendy, Bow Tie, , , , 
244, Fast Food Moonbirds#245, purple, Tribe 5, None, Burger King, Uniform, , , , 
245, Fast Food Moonbirds#246, yellow, Tribe 10, None, White Castle, None, , , , 
246, Fast Food Moonbirds#247, purple, Tribe 6, Sunglasses, White Castle, Uniform, , , , 
247, Fast Food Moonbirds#248, pink, Tribe 4, None, MacDonald's Red, Uniform, , , , 
248, Fast Food Moonbirds#249, yellow, Tribe 2, None, MacDonald's Red, Uniform, , , , 
249, Fast Food Moonbirds#250, gray, Tribe 8, None, Dunkin D1, Diamond Necklace, , , , 
250, Fast Food Moonbirds#251, green, Tribe 4, Eyepatch, Dunkin D2, Uniform, , , , 
251, Fast Food Moonbirds#252, yellow, Tribe 1, None, MacDonald's Black, Uniform, , , , 
252, Fast Food Moonbirds#253, pink, Tribe 10, None, MacDonald's White, None, , , , 
253, Fast Food Moonbirds#254, yellow, Tribe 5, None, Dunkin D1, Gold Chain, , , , 
254, Fast Food Moonbirds#255, blue, Tribe 12, None, MacDonald's White, Diamond Necklace, , , , 
255, Fast Food Moonbirds#256, green, Tribe 6, Rose Colored Glasses, Burger, Bow Tie, , , , 
256, Fast Food Moonbirds#257, gray, Tribe 3, None, Fries, Uniform, , , , 
257, Fast Food Moonbirds#258, gray, Tribe 8, None, Dunkin D2, Bow Tie, , , , 
258, Fast Food Moonbirds#259, blue, Tribe 8, None, Dunkin D2, Uniform, , , , 
259, Fast Food Moonbirds#260, blue, Tribe 10, None, MacDonald's Red, Uniform, , , , 
260, Fast Food Moonbirds#261, purple, Tribe 4, None, Burger, None, , , , 
261, Fast Food Moonbirds#262, green, Tribe 4, Sunglasses, Burger King, Hoodie, , , , 
262, Fast Food Moonbirds#263, pink, Tribe 6, Sunglasses, Pizza Hut, Hoodie Down, , , , 
263, Fast Food Moonbirds#264, yellow, Tribe 7, None, Dunkin D1, Uniform, , , , 
264, Fast Food Moonbirds#265, purple, Tribe 7, Jobs Glasses, Pizza Hut, Bow Tie, , , , 
265, Fast Food Moonbirds#266, purple, Tribe 3, None, MacDonald's Black, Uniform, , , , 
266, Fast Food Moonbirds#267, purple, Tribe 8, None, Dunkin D1, Uniform, , , , 
267, Fast Food Moonbirds#268, green, Tribe 1, None, Fries, Uniform, , , , 
268, Fast Food Moonbirds#269, pink, Tribe 1, None, Dunkin D2, Uniform, , , , 
269, Fast Food Moonbirds#270, green, Tribe 1, None, MacDonald's White, Uniform, , , , 
270, Fast Food Moonbirds#271, purple, Tribe 5, None, Wendy, None, , , , 
271, Fast Food Moonbirds#272, green, Tribe 4, None, Dunkin D1, Uniform, , , , 
272, Fast Food Moonbirds#273, pink, Tribe 9, None, Chef White, Hoodie, , , , 
273, Fast Food Moonbirds#274, gray, Tribe 10, None, White Castle, Uniform, , , , 
274, Fast Food Moonbirds#275, gray, Tribe 4, None, White Castle, Bow Tie, , , , 
275, Fast Food Moonbirds#276, pink, Tribe 1, None, White Castle, None, , , , 
276, Fast Food Moonbirds#277, yellow, Tribe 9, None, MacDonald's Black, Hoodie, , , , 
277, Fast Food Moonbirds#278, pink, Tribe 10, Eyepatch, Wendy, Uniform, , , , 
278, Fast Food Moonbirds#279, green, Tribe 8, None, Dunkin D2, Hoodie Down, , , , 
279, Fast Food Moonbirds#280, yellow, Tribe 1, None, MacDonald's Red, Hoodie Down, , , , 
280, Fast Food Moonbirds#281, pink, Tribe 4, None, White Castle, Uniform, , , , 
281, Fast Food Moonbirds#282, pink, Tribe 13, None, Burger King, None, , , , 
282, Fast Food Moonbirds#283, purple, Tribe 7, None, MacDonald's Red, Bow Tie, , , , 
283, Fast Food Moonbirds#284, pink, Tribe 2, None, White Castle, None, , , , 
284, Fast Food Moonbirds#285, green, Tribe 1, None, MacDonald's White, Gold Chain, , , , 
285, Fast Food Moonbirds#286, pink, Tribe 2, None, Wendy, Uniform, , , , 
286, Fast Food Moonbirds#287, purple, Tribe 4, 3d Glasses, MacDonald's Black, Hoodie, , , , 
287, Fast Food Moonbirds#288, purple, Tribe 3, None, MacDonald's Black, Hoodie, , , , 
288, Fast Food Moonbirds#289, gray, Tribe 4, None, Burger King, Uniform, , , , 
289, Fast Food Moonbirds#290, gray, Tribe 8, None, Fries, Hoodie Down, , , , 
290, Fast Food Moonbirds#291, pink, Tribe 5, None, Wendy, Hoodie Down, , , , 
291, Fast Food Moonbirds#292, pink, Tribe 1, None, MacDonald's Black, Uniform, , , , 
292, Fast Food Moonbirds#293, green, Tribe 1, None, Pizza Hut, Bow Tie, , , , 
293, Fast Food Moonbirds#294, gray, Tribe 10, None, Burger King, Hoodie Down, , , , 
294, Fast Food Moonbirds#295, green, Tribe 7, None, Fries, None, , , , 
295, Fast Food Moonbirds#296, blue, Tribe 2, None, Dunkin D2, Bow Tie, , , , 
296, Fast Food Moonbirds#297, gray, Tribe 1, None, Dunkin D1, Uniform, , , , 
297, Fast Food Moonbirds#298, purple, Tribe 1, None, Domino's pizza, Uniform, , , , 
298, Fast Food Moonbirds#299, pink, Tribe 1, None, MacDonald's Red, None, , , , 
299, Fast Food Moonbirds#300, blue, Tribe 2, Visor, White Castle, Uniform, , , , 
300, Fast Food Moonbirds#301, pink, Tribe 2, 3d Glasses, Fries, Hoodie Down, , , , 
301, Fast Food Moonbirds#302, gray, Tribe 1, None, Dunkin D2, Uniform, , , , 
302, Fast Food Moonbirds#303, yellow, Tribe 8, None, Chef White, Hoodie Down, , , , 
303, Fast Food Moonbirds#304, green, Tribe 9, None, Fries, None, , , , 
304, Fast Food Moonbirds#305, purple, Tribe 6, None, Burger, Hoodie Down, , , , 
305, Fast Food Moonbirds#306, green, Tribe 2, Black Rimmed Glasses, Dunkin D2, Hoodie, , , , 
306, Fast Food Moonbirds#307, gray, Tribe 6, None, Domino's pizza, Uniform, , , , 
307, Fast Food Moonbirds#308, green, Tribe 4, None, Dunkin D2, Hoodie Down, , , , 
308, Fast Food Moonbirds#309, yellow, Tribe 8, None, MacDonald's White, Hoodie Down, , , , 
309, Fast Food Moonbirds#310, yellow, Tribe 1, None, White Castle, None, , , , 
310, Fast Food Moonbirds#311, green, Tribe 10, None, Burger King, Gold Chain, , , , 
311, Fast Food Moonbirds#312, green, Tribe 2, None, MacDonald's White, Hoodie Down, , , , 
312, Fast Food Moonbirds#313, gray, Tribe 4, None, White Castle, None, , , , 
313, Fast Food Moonbirds#314, gray, Tribe 3, Jobs Glasses, MacDonald's White, None, , , , 
314, Fast Food Moonbirds#315, green, Tribe 4, None, Domino's pizza, Hoodie Down, , , , 
315, Fast Food Moonbirds#316, gray, Tribe 2, None, Domino's pizza, None, , , , 
316, Fast Food Moonbirds#317, purple, Tribe 2, None, Domino's pizza, Uniform, , , , 
317, Fast Food Moonbirds#318, gray, Tribe 8, None, MacDonald's Black, Hoodie, , , , 
318, Fast Food Moonbirds#319, pink, Tribe 6, Rose Colored Glasses, Fries, Hoodie, , , , 
319, Fast Food Moonbirds#320, blue, Tribe 1, None, Domino's pizza, Uniform, , , , 
320, Fast Food Moonbirds#321, pink, Tribe 8, None, MacDonald's Red, Uniform, , , , 
321, Fast Food Moonbirds#322, gray, Tribe 3, None, MacDonald's Red, None, , , , 
322, Fast Food Moonbirds#323, green, Tribe 1, None, MacDonald's Black, Diamond Necklace, , , , 
323, Fast Food Moonbirds#324, green, Tribe 6, None, MacDonald's Red, None, , , , 
324, Fast Food Moonbirds#325, pink, Tribe 10, Eyepatch, White Castle, Hoodie, , , , 
325, Fast Food Moonbirds#326, green, Tribe 4, None, Burger King, Hoodie, , , , 
326, Fast Food Moonbirds#327, purple, Tribe 10, None, White Castle, Uniform, , , , 
327, Fast Food Moonbirds#328, green, Tribe 8, None, Dunkin D1, Bow Tie, , , , 
328, Fast Food Moonbirds#329, green, Tribe 8, None, White Castle, Uniform, , , , 
329, Fast Food Moonbirds#330, blue, Tribe 6, Eyepatch, MacDonald's Red, Diamond Necklace, , , , 
330, Fast Food Moonbirds#331, purple, Tribe 8, None, White Castle, Uniform, , , , 
331, Fast Food Moonbirds#332, pink, Tribe 6, None, Dunkin D2, Bow Tie, , , , 
332, Fast Food Moonbirds#333, blue, Tribe 1, Black Rimmed Glasses, Dunkin D2, Hoodie Down, , , , 
333, Fast Food Moonbirds#334, gray, Tribe 6, None, Fries, None, , , , 
334, Fast Food Moonbirds#335, purple, Tribe 1, None, Wendy, Hoodie, , , , 
335, Fast Food Moonbirds#336, yellow, Tribe 10, None, Wendy, Uniform, , , , 
336, Fast Food Moonbirds#337, purple, Tribe 8, None, MacDonald's Black, Hoodie, , , , 
337, Fast Food Moonbirds#338, gray, Tribe 1, None, Dunkin D2, Hoodie Down, , , , 
338, Fast Food Moonbirds#339, yellow, Tribe 8, None, White Castle, Uniform, , , , 
339, Fast Food Moonbirds#340, green, Tribe 10, None, White Castle, None, , , , 
340, Fast Food Moonbirds#341, pink, Tribe 1, None, Burger King, Uniform, , , , 
341, Fast Food Moonbirds#342, pink, Tribe 7, None, Pizza Hut, Gold Chain, , , , 
342, Fast Food Moonbirds#343, blue, Tribe 7, Visor, MacDonald's Red, Uniform, , , , 
343, Fast Food Moonbirds#344, yellow, Tribe 6, None, MacDonald's White, Hoodie Down, , , , 
344, Fast Food Moonbirds#345, green, Tribe 5, None, MacDonald's White, Hoodie Down, , , , 
345, Fast Food Moonbirds#346, gray, Tribe 6, None, Chef Red, Bow Tie, , , , 
346, Fast Food Moonbirds#347, blue, Tribe 1, None, Domino's pizza, Hoodie, , , , 
347, Fast Food Moonbirds#348, blue, Tribe 6, Black Rimmed Glasses, MacDonald's Red, Uniform, , , , 
348, Fast Food Moonbirds#349, yellow, Tribe 5, None, Fries, None, , , , 
349, Fast Food Moonbirds#350, gray, Tribe 3, None, Domino's pizza, Hoodie Down, , , , 
350, Fast Food Moonbirds#351, pink, Tribe 6, None, Fries, Hoodie Down, , , , 
351, Fast Food Moonbirds#352, blue, Tribe 6, None, Burger King, Uniform, , , , 
352, Fast Food Moonbirds#353, gray, Tribe 2, None, Chef Red, Uniform, , , , 
353, Fast Food Moonbirds#354, blue, Tribe 9, None, MacDonald's Red, Hoodie Down, , , , 
354, Fast Food Moonbirds#355, blue, Tribe 6, None, Pizza Hut, Hoodie, , , , 
355, Fast Food Moonbirds#356, blue, Tribe 4, None, Dunkin D2, Uniform, , , , 
356, Fast Food Moonbirds#357, pink, Tribe 7, None, Burger, Hoodie Down, , , , 
357, Fast Food Moonbirds#358, green, Tribe 2, None, White Castle, Gold Chain, , , , 
358, Fast Food Moonbirds#359, green, Tribe 3, None, Dunkin D1, Hoodie, , , , 
359, Fast Food Moonbirds#360, green, Tribe 1, None, MacDonald's Black, Hoodie, , , , 
360, Fast Food Moonbirds#361, green, Tribe 7, None, Fries, Uniform, , , , 
361, Fast Food Moonbirds#362, green, Tribe 4, Gazelles, MacDonald's Black, Hoodie Down, , , , 
362, Fast Food Moonbirds#363, blue, Tribe 1, None, White Castle, Bow Tie, , , , 
363, Fast Food Moonbirds#364, gray, Tribe 3, None, Pizza Hut, Hoodie Down, , , , 
364, Fast Food Moonbirds#365, yellow, Tribe 3, None, MacDonald's Black, Uniform, , , , 
365, Fast Food Moonbirds#366, pink, Tribe 6, None, Wendy, Hoodie Down, , , , 
366, Fast Food Moonbirds#367, yellow, Tribe 1, Jobs Glasses, MacDonald's Black, None, , , , 
367, Fast Food Moonbirds#368, green, Tribe 1, Rose Colored Glasses, Dunkin D2, Hoodie, , , , 
368, Fast Food Moonbirds#369, pink, Tribe 2, None, Wendy, Bow Tie, , , , 
369, Fast Food Moonbirds#370, pink, Tribe 12, None, Dunkin D1, Hoodie Down, , , , 
370, Fast Food Moonbirds#371, yellow, Tribe 1, None, MacDonald's White, Hoodie Down, , , , 
371, Fast Food Moonbirds#372, green, Tribe 4, None, MacDonald's White, Uniform, , , , 
372, Fast Food Moonbirds#373, purple, Tribe 12, None, Dunkin D2, Hoodie Down, , , , 
373, Fast Food Moonbirds#374, green, Tribe 9, None, Domino's pizza, Gold Chain, , , , 
374, Fast Food Moonbirds#375, purple, Tribe 4, None, Dunkin D1, Uniform, , , , 
375, Fast Food Moonbirds#376, green, Tribe 13, None, Pizza Hut, Uniform, , , , 
376, Fast Food Moonbirds#377, gray, Tribe 1, None, MacDonald's White, Uniform, , , , 
377, Fast Food Moonbirds#378, gray, Tribe 2, None, Chef Red, Hoodie, , , , 
378, Fast Food Moonbirds#379, blue, Tribe 1, None, Dunkin D2, None, , , , 
379, Fast Food Moonbirds#380, green, Tribe 3, Visor, Cola, Uniform, , , , 
380, Fast Food Moonbirds#381, yellow, Tribe 1, None, MacDonald's Black, Bow Tie, , , , 
381, Fast Food Moonbirds#382, yellow, Tribe 3, None, Wendy, Hoodie Down, , , , 
382, Fast Food Moonbirds#383, blue, Tribe 8, Rose Colored Glasses, MacDonald's Black, Hoodie Down, , , , 
383, Fast Food Moonbirds#384, blue, Tribe 5, None, White Castle, Uniform, , , , 
384, Fast Food Moonbirds#385, pink, Tribe 3, Gazelles, Dunkin D2, Gold Chain, , , , 
385, Fast Food Moonbirds#386, blue, Tribe 13, None, White Castle, Gold Chain, , , , 
386, Fast Food Moonbirds#387, blue, Tribe 10, None, Dunkin D1, Hoodie Down, , , , 
387, Fast Food Moonbirds#388, blue, Tribe 8, None, Pizza Hut, Gold Chain, , , , 
388, Fast Food Moonbirds#389, green, Tribe 7, None, Wendy, Hoodie Down, , , , 
389, Fast Food Moonbirds#390, blue, Tribe 9, None, MacDonald's Black, Gold Chain, , , , 
390, Fast Food Moonbirds#391, pink, Tribe 1, None, Chef Red, Uniform, , , , 
391, Fast Food Moonbirds#392, green, Tribe 4, None, Dunkin D2, Gold Chain, , , , 
392, Fast Food Moonbirds#393, gray, Tribe 5, None, Fries, Gold Chain, , , , 
393, Fast Food Moonbirds#394, purple, Tribe 1, None, MacDonald's Black, Hoodie, , , , 
394, Fast Food Moonbirds#395, pink, Tribe 1, None, MacDonald's Black, Hoodie Down, , , , 
395, Fast Food Moonbirds#396, green, Tribe 3, None, MacDonald's White, Hoodie, , , , 
396, Fast Food Moonbirds#397, blue, Tribe 4, None, MacDonald's White, Uniform, , , , 
397, Fast Food Moonbirds#398, blue, Tribe 3, None, Burger King, Hoodie Down, , , , 
398, Fast Food Moonbirds#399, pink, Tribe 10, None, Dunkin D1, Hoodie, , , , 
399, Fast Food Moonbirds#400, pink, Tribe 5, None, MacDonald's Black, Hoodie Down, , , , 
400, Fast Food Moonbirds#401, green, Tribe 3, None, MacDonald's White, Uniform, , , , 
401, Fast Food Moonbirds#402, green, Tribe 10, None, White Castle, Uniform, , , , 
402, Fast Food Moonbirds#403, yellow, Tribe 4, 3d Glasses, Dunkin D1, None, , , , 
403, Fast Food Moonbirds#404, blue, Tribe 6, None, White Castle, None, , , , 
404, Fast Food Moonbirds#405, green, Tribe 6, None, MacDonald's White, Bow Tie, , , , 
405, Fast Food Moonbirds#406, green, Tribe 8, None, Burger King, Gold Chain, , , , 
406, Fast Food Moonbirds#407, gray, Tribe 2, Gazelles, MacDonald's White, None, , , , 
407, Fast Food Moonbirds#408, purple, Tribe 5, None, Chef White, Hoodie Down, , , , 
408, Fast Food Moonbirds#409, purple, Tribe 3, None, Pizza Hut, Bow Tie, , , , 
409, Fast Food Moonbirds#410, pink, Tribe 3, None, Domino's pizza, Uniform, , , , 
410, Fast Food Moonbirds#411, purple, Tribe 4, None, MacDonald's Red, Uniform, , , , 
411, Fast Food Moonbirds#412, green, Tribe 3, None, MacDonald's White, Hoodie Down, , , , 
412, Fast Food Moonbirds#413, pink, Tribe 4, None, Burger King, Hoodie Down, , , , 
413, Fast Food Moonbirds#414, blue, Tribe 4, None, Pizza Hut, Uniform, , , , 
414, Fast Food Moonbirds#415, yellow, Tribe 1, None, Pizza Hut, Uniform, , , , 
415, Fast Food Moonbirds#416, purple, Tribe 2, None, Wendy, Hoodie Down, , , , 
416, Fast Food Moonbirds#417, yellow, Tribe 9, None, Domino's pizza, None, , , , 
417, Fast Food Moonbirds#418, gray, Tribe 2, Eyepatch, Domino's pizza, Uniform, , , , 
418, Fast Food Moonbirds#419, pink, Tribe 3, None, Domino's pizza, Hoodie Down, , , , 
419, Fast Food Moonbirds#420, yellow, Tribe 5, None, Fries, Uniform, , , , 
420, Fast Food Moonbirds#421, pink, Tribe 2, None, Burger King, Bow Tie, , , , 
421, Fast Food Moonbirds#422, gray, Tribe 8, None, MacDonald's Red, Uniform, , , , 
422, Fast Food Moonbirds#423, green, Tribe 1, None, Pizza Hut, None, , , , 
423, Fast Food Moonbirds#424, pink, Tribe 10, None, Fries, Uniform, , , , 
424, Fast Food Moonbirds#425, purple, Tribe 1, None, MacDonald's Black, Diamond Necklace, , , , 
425, Fast Food Moonbirds#426, pink, Tribe 6, None, Chef White, Bow Tie, , , , 
426, Fast Food Moonbirds#427, purple, Tribe 6, None, Fries, None, , , , 
427, Fast Food Moonbirds#428, green, Tribe 5, None, MacDonald's Red, Uniform, , , , 
428, Fast Food Moonbirds#429, yellow, Tribe 10, Black Rimmed Glasses, Domino's pizza, Bow Tie, , , , 
429, Fast Food Moonbirds#430, purple, Tribe 4, 3d Glasses, Dunkin D2, Hoodie, , , , 
430, Fast Food Moonbirds#431, pink, Tribe 7, None, Chef White, Hoodie, , , , 
431, Fast Food Moonbirds#432, blue, Tribe 4, None, Burger King, Hoodie Down, , , , 
432, Fast Food Moonbirds#433, gray, Tribe 1, None, MacDonald's Red, Uniform, , , , 
433, Fast Food Moonbirds#434, yellow, Tribe 1, None, Pizza Hut, Hoodie Down, , , , 
434, Fast Food Moonbirds#435, green, Tribe 4, None, Burger King, None, , , , 
435, Fast Food Moonbirds#436, blue, Tribe 2, Jobs Glasses, Wendy, Uniform, , , , 
436, Fast Food Moonbirds#437, green, Tribe 2, None, Domino's pizza, Uniform, , , , 
437, Fast Food Moonbirds#438, yellow, Tribe 2, Sunglasses, Domino's pizza, Uniform, , , , 
438, Fast Food Moonbirds#439, purple, Tribe 1, None, Domino's pizza, Bow Tie, , , , 
439, Fast Food Moonbirds#440, gray, Tribe 10, None, Dunkin D1, Diamond Necklace, , , , 
440, Fast Food Moonbirds#441, pink, Tribe 2, None, Chicken, Hoodie Down, , , , 
441, Fast Food Moonbirds#442, purple, Tribe 1, None, MacDonald's Red, Hoodie, , , , 
442, Fast Food Moonbirds#443, purple, Tribe 7, Eyepatch, Wendy, None, , , , 
443, Fast Food Moonbirds#444, blue, Tribe 1, None, Domino's pizza, None, , , , 
444, Fast Food Moonbirds#445, purple, Tribe 4, None, MacDonald's Red, Hoodie Down, , , , 
445, Fast Food Moonbirds#446, gray, Tribe 7, None, MacDonald's White, Hoodie Down, , , , 
446, Fast Food Moonbirds#447, gray, Tribe 4, Gazelles, Burger King, Uniform, , , , 
447, Fast Food Moonbirds#448, green, Tribe 5, None, Dunkin D1, Uniform, , , , 
448, Fast Food Moonbirds#449, purple, Tribe 2, None, Pizza Hut, None, , , , 
449, Fast Food Moonbirds#450, purple, Tribe 4, None, White Castle, Bow Tie, , , , 
450, Fast Food Moonbirds#451, blue, Tribe 4, Jobs Glasses, Dunkin D2, Uniform, , , , 
451, Fast Food Moonbirds#452, purple, Tribe 1, None, Chicken, Uniform, , , , 
452, Fast Food Moonbirds#453, blue, Tribe 1, None, Fries, Bow Tie, , , , 
453, Fast Food Moonbirds#454, pink, Tribe 6, None, MacDonald's White, Gold Chain, , , , 
454, Fast Food Moonbirds#455, purple, Tribe 3, Eyepatch, Dunkin D2, Hoodie, , , , 
455, Fast Food Moonbirds#456, yellow, Tribe 3, None, MacDonald's White, Hoodie Down, , , , 
456, Fast Food Moonbirds#457, blue, Tribe 6, None, Dunkin D1, Hoodie, , , , 
457, Fast Food Moonbirds#458, green, Tribe 6, None, MacDonald's White, Uniform, , , , 
458, Fast Food Moonbirds#459, yellow, Tribe 3, None, MacDonald's White, Gold Chain, , , , 
459, Fast Food Moonbirds#460, purple, Tribe 1, None, Dunkin D1, Hoodie Down, , , , 
460, Fast Food Moonbirds#461, purple, Tribe 9, None, MacDonald's White, None, , , , 
461, Fast Food Moonbirds#462, blue, Tribe 9, None, Cola, Uniform, , , , 
462, Fast Food Moonbirds#463, blue, Tribe 4, None, Dunkin D1, Bow Tie, , , , 
463, Fast Food Moonbirds#464, green, Tribe 6, None, MacDonald's White, Hoodie Down, , , , 
464, Fast Food Moonbirds#465, gray, Tribe 4, None, Burger King, Diamond Necklace, , , , 
465, Fast Food Moonbirds#466, purple, Tribe 10, None, Fries, Hoodie, , , , 
466, Fast Food Moonbirds#467, gray, Tribe 4, None, Wendy, None, , , , 
467, Fast Food Moonbirds#468, pink, Tribe 7, None, Burger King, Hoodie Down, , , , 
468, Fast Food Moonbirds#469, green, Tribe 1, None, MacDonald's Black, Uniform, , , , 
469, Fast Food Moonbirds#470, green, Tribe 4, Gazelles, Chef White, Hoodie Down, , , , 
470, Fast Food Moonbirds#471, blue, Tribe 2, None, Domino's pizza, Hoodie Down, , , , 
471, Fast Food Moonbirds#472, green, Tribe 3, Black Rimmed Glasses, MacDonald's Black, Hoodie, , , , 
472, Fast Food Moonbirds#473, blue, Tribe 6, None, Dunkin D1, Uniform, , , , 
473, Fast Food Moonbirds#474, blue, Tribe 4, None, Dunkin D1, Hoodie, , , , 
474, Fast Food Moonbirds#475, gray, Tribe 5, None, Dunkin D2, Uniform, , , , 
475, Fast Food Moonbirds#476, green, Tribe 5, None, Domino's pizza, Hoodie, , , , 
476, Fast Food Moonbirds#477, blue, Tribe 6, None, Pizza Hut, Uniform, , , , 
477, Fast Food Moonbirds#478, gray, Tribe 4, None, White Castle, Hoodie Down, , , , 
478, Fast Food Moonbirds#479, pink, Tribe 4, None, Dunkin D1, Hoodie Down, , , , 
479, Fast Food Moonbirds#480, yellow, Tribe 6, Jobs Glasses, Burger King, Uniform, , , , 
480, Fast Food Moonbirds#481, yellow, Tribe 13, None, Burger, Uniform, , , , 
481, Fast Food Moonbirds#482, pink, Tribe 3, None, MacDonald's Black, Hoodie Down, , , , 
482, Fast Food Moonbirds#483, gray, Tribe 2, None, Domino's pizza, Hoodie, , , , 
483, Fast Food Moonbirds#484, gray, Tribe 1, None, Chef White, Hoodie, , , , 
484, Fast Food Moonbirds#485, gray, Tribe 10, Sunglasses, Wendy, Hoodie, , , , 
485, Fast Food Moonbirds#486, blue, Tribe 8, None, Chef White, Uniform, , , , 
486, Fast Food Moonbirds#487, blue, Tribe 1, None, MacDonald's White, Uniform, , , , 
487, Fast Food Moonbirds#488, yellow, Tribe 8, None, Fries, Hoodie Down, , , , 
488, Fast Food Moonbirds#489, yellow, Tribe 8, None, Pizza Hut, Uniform, , , , 
489, Fast Food Moonbirds#490, green, Tribe 6, None, MacDonald's White, Hoodie, , , , 
490, Fast Food Moonbirds#491, purple, Tribe 6, Gazelles, White Castle, Hoodie Down, , , , 
491, Fast Food Moonbirds#492, yellow, Tribe 12, None, White Castle, Hoodie Down, , , , 
492, Fast Food Moonbirds#493, yellow, Tribe 2, None, Pizza Hut, Uniform, , , , 
493, Fast Food Moonbirds#494, yellow, Tribe 1, None, Wendy, Uniform, , , , 
494, Fast Food Moonbirds#495, gray, Tribe 8, None, White Castle, Bow Tie, , , , 
495, Fast Food Moonbirds#496, pink, Tribe 10, None, Fries, Hoodie Down, , , , 
496, Fast Food Moonbirds#497, green, Tribe 1, None, Burger King, Bow Tie, , , , 
497, Fast Food Moonbirds#498, green, Tribe 6, Gazelles, Dunkin D1, Uniform, , , , 
498, Fast Food Moonbirds#499, purple, Tribe 4, None, Fries, Diamond Necklace, , , , 
499, Fast Food Moonbirds#500, purple, Tribe 4, Black Rimmed Glasses, MacDonald's White, Hoodie Down, , , , 
500, Fast Food Moonbirds#501, purple, Tribe 1, None, White Castle, Hoodie Down, , , , 
501, Fast Food Moonbirds#502, pink, Tribe 9, None, MacDonald's Red, Uniform, , , , 
502, Fast Food Moonbirds#503, green, Tribe 6, None, Pizza Hut, Uniform, , , , 
503, Fast Food Moonbirds#504, green, Tribe 4, None, MacDonald's White, Hoodie Down, , , , 
504, Fast Food Moonbirds#505, yellow, Tribe 5, None, MacDonald's White, Hoodie Down, , , , 
505, Fast Food Moonbirds#506, yellow, Tribe 4, None, MacDonald's White, None, , , , 
506, Fast Food Moonbirds#507, purple, Tribe 5, None, White Castle, Hoodie, , , , 
507, Fast Food Moonbirds#508, purple, Tribe 1, Jobs Glasses, Fries, Uniform, , , , 
508, Fast Food Moonbirds#509, green, Tribe 1, None, Dunkin D1, Bow Tie, , , , 
509, Fast Food Moonbirds#510, pink, Tribe 10, None, Burger King, Uniform, , , , 
510, Fast Food Moonbirds#511, yellow, Tribe 1, None, White Castle, Gold Chain, , , , 
511, Fast Food Moonbirds#512, purple, Tribe 2, None, Burger King, Uniform, , , , 
512, Fast Food Moonbirds#513, blue, Tribe 2, None, Fries, Uniform, , , , 
513, Fast Food Moonbirds#514, gray, Tribe 5, None, Domino's pizza, Uniform, , , , 
514, Fast Food Moonbirds#515, pink, Tribe 4, None, MacDonald's Black, None, , , , 
515, Fast Food Moonbirds#516, gray, Tribe 2, None, White Castle, Bow Tie, , , , 
516, Fast Food Moonbirds#517, gray, Tribe 6, Rose Colored Glasses, MacDonald's White, Gold Chain, , , , 
517, Fast Food Moonbirds#518, gray, Tribe 4, None, Domino's pizza, None, , , , 
518, Fast Food Moonbirds#519, pink, Tribe 3, None, White Castle, Bow Tie, , , , 
519, Fast Food Moonbirds#520, yellow, Tribe 4, None, Pizza Hut, Uniform, , , , 
520, Fast Food Moonbirds#521, yellow, Tribe 5, None, Dunkin D1, Bow Tie, , , , 
521, Fast Food Moonbirds#522, blue, Tribe 4, None, Wendy, Hoodie, , , , 
522, Fast Food Moonbirds#523, purple, Tribe 6, Sunglasses, MacDonald's Red, Hoodie Down, , , , 
523, Fast Food Moonbirds#524, gray, Tribe 13, Sunglasses, MacDonald's Red, Hoodie Down, , , , 
524, Fast Food Moonbirds#525, blue, Tribe 9, None, White Castle, Hoodie, , , , 
525, Fast Food Moonbirds#526, pink, Tribe 4, Sunglasses, Wendy, Hoodie, , , , 
526, Fast Food Moonbirds#527, gray, Tribe 1, Gazelles, Domino's pizza, Uniform, , , , 
527, Fast Food Moonbirds#528, green, Tribe 6, None, Chicken, Uniform, , , , 
528, Fast Food Moonbirds#529, purple, Tribe 8, None, Wendy, None, , , , 
529, Fast Food Moonbirds#530, gray, Tribe 5, None, MacDonald's White, Uniform, , , , 
530, Fast Food Moonbirds#531, purple, Tribe 1, None, MacDonald's White, Hoodie Down, , , , 
531, Fast Food Moonbirds#532, purple, Tribe 6, None, Wendy, Uniform, , , , 
532, Fast Food Moonbirds#533, yellow, Tribe 5, None, White Castle, None, , , , 
533, Fast Food Moonbirds#534, pink, Tribe 7, None, Chef White, None, , , , 
534, Fast Food Moonbirds#535, pink, Tribe 2, None, Burger, Uniform, , , , 
535, Fast Food Moonbirds#536, green, Tribe 4, None, Pizza Hut, Uniform, , , , 
536, Fast Food Moonbirds#537, pink, Tribe 2, None, MacDonald's Black, Uniform, , , , 
537, Fast Food Moonbirds#538, gray, Tribe 10, None, Burger King, Uniform, , , , 
538, Fast Food Moonbirds#539, green, Tribe 2, Eyepatch, Pizza Hut, Hoodie Down, , , , 
539, Fast Food Moonbirds#540, green, Tribe 6, None, MacDonald's Red, Bow Tie, , , , 
540, Fast Food Moonbirds#541, purple, Tribe 1, None, Pizza Hut, None, , , , 
541, Fast Food Moonbirds#542, gray, Tribe 1, None, Wendy, Uniform, , , , 
542, Fast Food Moonbirds#543, pink, Tribe 1, None, Burger King, None, , , , 
543, Fast Food Moonbirds#544, gray, Tribe 2, None, MacDonald's Red, Diamond Necklace, , , , 
544, Fast Food Moonbirds#545, pink, Tribe 4, None, Domino's pizza, Gold Chain, , , , 
545, Fast Food Moonbirds#546, yellow, Tribe 2, Eyepatch, MacDonald's White, Hoodie Down, , , , 
546, Fast Food Moonbirds#547, blue, Tribe 6, None, Domino's pizza, Hoodie Down, , , , 
547, Fast Food Moonbirds#548, blue, Tribe 4, None, Dunkin D1, Hoodie Down, , , , 
548, Fast Food Moonbirds#549, gray, Tribe 13, Gazelles, Fries, Uniform, , , , 
549, Fast Food Moonbirds#550, gray, Tribe 3, None, Burger King, Uniform, , , , 
550, Fast Food Moonbirds#551, pink, Tribe 6, None, Chef Red, Hoodie, , , , 
551, Fast Food Moonbirds#552, pink, Tribe 2, None, Dunkin D2, None, , , , 
552, Fast Food Moonbirds#553, pink, Tribe 4, None, Dunkin D1, Uniform, , , , 
553, Fast Food Moonbirds#554, purple, Tribe 1, None, MacDonald's White, Uniform, , , , 
554, Fast Food Moonbirds#555, blue, Tribe 4, None, Wendy, Uniform, , , , 
555, Fast Food Moonbirds#556, yellow, Tribe 8, None, Dunkin D2, Diamond Necklace, , , , 
556, Fast Food Moonbirds#557, gray, Tribe 5, 3d Glasses, MacDonald's Red, None, , , , 
557, Fast Food Moonbirds#558, green, Tribe 3, None, Wendy, Gold Chain, , , , 
558, Fast Food Moonbirds#559, blue, Tribe 4, None, MacDonald's White, Diamond Necklace, , , , 
559, Fast Food Moonbirds#560, purple, Tribe 5, None, Dunkin D1, Hoodie Down, , , , 
560, Fast Food Moonbirds#561, green, Tribe 4, None, Fries, None, , , , 
561, Fast Food Moonbirds#562, gray, Tribe 7, None, Burger King, Hoodie, , , , 
562, Fast Food Moonbirds#563, purple, Tribe 4, None, White Castle, Uniform, , , , 
563, Fast Food Moonbirds#564, yellow, Tribe 2, None, Chef Red, None, , , , 
564, Fast Food Moonbirds#565, blue, Tribe 6, Jobs Glasses, MacDonald's Red, Uniform, , , , 
565, Fast Food Moonbirds#566, green, Tribe 10, 3d Glasses, Dunkin D2, Gold Chain, , , , 
566, Fast Food Moonbirds#567, purple, Tribe 4, None, Pizza Hut, None, , , , 
567, Fast Food Moonbirds#568, yellow, Tribe 6, None, Dunkin D1, Hoodie, , , , 
568, Fast Food Moonbirds#569, purple, Tribe 2, None, White Castle, Uniform, , , , 
569, Fast Food Moonbirds#570, green, Tribe 8, None, Fries, Hoodie Down, , , , 
570, Fast Food Moonbirds#571, blue, Tribe 6, None, White Castle, Uniform, , , , 
571, Fast Food Moonbirds#572, purple, Tribe 1, Eyepatch, White Castle, Hoodie Down, , , , 
572, Fast Food Moonbirds#573, green, Tribe 8, None, Domino's pizza, Uniform, , , , 
573, Fast Food Moonbirds#574, pink, Tribe 3, None, Wendy, None, , , , 
574, Fast Food Moonbirds#575, pink, Tribe 5, None, Domino's pizza, Diamond Necklace, , , , 
575, Fast Food Moonbirds#576, gray, Tribe 1, None, Burger King, Hoodie Down, , , , 
576, Fast Food Moonbirds#577, purple, Tribe 8, None, Burger King, Uniform, , , , 
577, Fast Food Moonbirds#578, purple, Tribe 7, None, Dunkin D1, Hoodie Down, , , , 
578, Fast Food Moonbirds#579, blue, Tribe 2, None, Dunkin D1, Uniform, , , , 
579, Fast Food Moonbirds#580, yellow, Tribe 4, Visor, White Castle, Hoodie, , , , 
580, Fast Food Moonbirds#581, pink, Tribe 4, None, White Castle, Bow Tie, , , , 
581, Fast Food Moonbirds#582, gray, Tribe 8, None, MacDonald's Black, Uniform, , , , 
582, Fast Food Moonbirds#583, purple, Tribe 2, None, MacDonald's White, Uniform, , , , 
583, Fast Food Moonbirds#584, gray, Tribe 8, None, Fries, Uniform, , , , 
584, Fast Food Moonbirds#585, green, Tribe 8, None, Dunkin D1, Uniform, , , , 
585, Fast Food Moonbirds#586, yellow, Tribe 1, None, MacDonald's White, None, , , , 
586, Fast Food Moonbirds#587, green, Tribe 8, None, Pizza Hut, None, , , , 
587, Fast Food Moonbirds#588, yellow, Tribe 1, None, MacDonald's Black, Diamond Necklace, , , , 
588, Fast Food Moonbirds#589, blue, Tribe 2, None, MacDonald's Red, Hoodie Down, , , , 
589, Fast Food Moonbirds#590, yellow, Tribe 6, None, MacDonald's Red, Hoodie, , , , 
590, Fast Food Moonbirds#591, green, Tribe 10, None, Pizza Hut, Bow Tie, , , , 
591, Fast Food Moonbirds#592, pink, Tribe 4, None, MacDonald's White, Bow Tie, , , , 
592, Fast Food Moonbirds#593, blue, Tribe 2, Visor, MacDonald's Red, Bow Tie, , , , 
593, Fast Food Moonbirds#594, purple, Tribe 3, None, Domino's pizza, Uniform, , , , 
594, Fast Food Moonbirds#595, gray, Tribe 4, Gazelles, Fries, Bow Tie, , , , 
595, Fast Food Moonbirds#596, purple, Tribe 6, None, Dunkin D1, Hoodie Down, , , , 
596, Fast Food Moonbirds#597, blue, Tribe 1, None, Fries, Hoodie, , , , 
597, Fast Food Moonbirds#598, gray, Tribe 13, Eyepatch, White Castle, Uniform, , , , 
598, Fast Food Moonbirds#599, gray, Tribe 2, None, MacDonald's Black, Bow Tie, , , , 
599, Fast Food Moonbirds#600, purple, Tribe 2, None, MacDonald's Red, Uniform, , , , 
600, Fast Food Moonbirds#601, gray, Tribe 5, None, Burger King, None, , , , 
601, Fast Food Moonbirds#602, blue, Tribe 3, None, MacDonald's White, Hoodie, , , , 
602, Fast Food Moonbirds#603, gray, Tribe 10, None, Dunkin D2, Hoodie, , , , 
603, Fast Food Moonbirds#604, green, Tribe 8, None, MacDonald's White, Uniform, , , , 
604, Fast Food Moonbirds#605, yellow, Tribe 4, None, Chef Red, Uniform, , , , 
605, Fast Food Moonbirds#606, yellow, Tribe 8, None, Chef White, Hoodie, , , , 
606, Fast Food Moonbirds#607, green, Tribe 3, None, Burger King, Uniform, , , , 
607, Fast Food Moonbirds#608, yellow, Tribe 8, None, Wendy, Hoodie Down, , , , 
608, Fast Food Moonbirds#609, blue, Tribe 1, None, Domino's pizza, Hoodie Down, , , , 
609, Fast Food Moonbirds#610, purple, Tribe 2, None, Dunkin D2, Bow Tie, , , , 
610, Fast Food Moonbirds#611, blue, Tribe 8, None, Fries, Hoodie Down, , , , 
611, Fast Food Moonbirds#612, yellow, Tribe 1, None, Fries, None, , , , 
612, Fast Food Moonbirds#613, green, Tribe 7, None, MacDonald's Black, Bow Tie, , , , 
613, Fast Food Moonbirds#614, blue, Tribe 3, Rose Colored Glasses, Fries, None, , , , 
614, Fast Food Moonbirds#615, gray, Tribe 6, None, MacDonald's White, Hoodie, , , , 
615, Fast Food Moonbirds#616, green, Tribe 6, None, Pizza Hut, Bow Tie, , , , 
616, Fast Food Moonbirds#617, pink, Tribe 4, None, Fries, None, , , , 
617, Fast Food Moonbirds#618, purple, Tribe 2, None, Dunkin D2, Uniform, , , , 
618, Fast Food Moonbirds#619, blue, Tribe 8, None, MacDonald's White, None, , , , 
619, Fast Food Moonbirds#620, purple, Tribe 4, None, MacDonald's White, Uniform, , , , 
620, Fast Food Moonbirds#621, yellow, Tribe 4, None, White Castle, Hoodie Down, , , , 
621, Fast Food Moonbirds#622, blue, Tribe 8, None, Dunkin D1, Diamond Necklace, , , , 
622, Fast Food Moonbirds#623, purple, Tribe 7, None, Chef White, Diamond Necklace, , , , 
623, Fast Food Moonbirds#624, gray, Tribe 9, None, Chef Red, Uniform, , , , 
624, Fast Food Moonbirds#625, gray, Tribe 6, None, White Castle, Bow Tie, , , , 
625, Fast Food Moonbirds#626, blue, Tribe 9, Sunglasses, Dunkin D1, None, , , , 
626, Fast Food Moonbirds#627, blue, Tribe 9, None, Dunkin D1, Diamond Necklace, , , , 
627, Fast Food Moonbirds#628, purple, Tribe 1, None, Dunkin D1, Hoodie, , , , 
628, Fast Food Moonbirds#629, pink, Tribe 8, None, Dunkin D1, None, , , , 
629, Fast Food Moonbirds#630, blue, Tribe 2, None, Fries, None, , , , 
630, Fast Food Moonbirds#631, yellow, Tribe 4, None, Pizza Hut, Gold Chain, , , , 
631, Fast Food Moonbirds#632, blue, Tribe 8, None, MacDonald's Black, Uniform, , , , 
632, Fast Food Moonbirds#633, green, Tribe 6, None, Dunkin D2, Hoodie, , , , 
633, Fast Food Moonbirds#634, green, Tribe 1, None, Wendy, Bow Tie, , , , 
634, Fast Food Moonbirds#635, yellow, Tribe 9, None, Dunkin D2, Uniform, , , , 
635, Fast Food Moonbirds#636, yellow, Tribe 5, None, MacDonald's Black, Hoodie Down, , , , 
636, Fast Food Moonbirds#637, gray, Tribe 4, None, MacDonald's Red, Hoodie, , , , 
637, Fast Food Moonbirds#638, gray, Tribe 5, None, Chef White, Uniform, , , , 
638, Fast Food Moonbirds#639, purple, Tribe 8, None, MacDonald's Black, None, , , , 
639, Fast Food Moonbirds#640, green, Tribe 10, None, MacDonald's Black, Uniform, , , , 
640, Fast Food Moonbirds#641, pink, Tribe 2, None, MacDonald's Black, Diamond Necklace, , , , 
641, Fast Food Moonbirds#642, gray, Tribe 6, None, Wendy, Gold Chain, , , , 
642, Fast Food Moonbirds#643, purple, Tribe 10, None, Domino's pizza, Uniform, , , , 
643, Fast Food Moonbirds#644, blue, Tribe 4, None, Chicken, Uniform, , , , 
644, Fast Food Moonbirds#645, blue, Tribe 10, None, Wendy, Hoodie, , , , 
645, Fast Food Moonbirds#646, green, Tribe 5, None, Wendy, Gold Chain, , , , 
646, Fast Food Moonbirds#647, blue, Tribe 3, None, MacDonald's Red, Hoodie Down, , , , 
647, Fast Food Moonbirds#648, yellow, Tribe 6, None, White Castle, Bow Tie, , , , 
648, Fast Food Moonbirds#649, blue, Tribe 8, None, Burger King, None, , , , 
649, Fast Food Moonbirds#650, yellow, Tribe 2, None, Burger King, None, , , , 
650, Fast Food Moonbirds#651, purple, Tribe 1, None, Dunkin D1, Uniform, , , , 
651, Fast Food Moonbirds#652, blue, Tribe 10, None, Domino's pizza, Hoodie, , , , 
652, Fast Food Moonbirds#653, blue, Tribe 7, None, Dunkin D1, Bow Tie, , , , 
653, Fast Food Moonbirds#654, yellow, Tribe 1, None, Dunkin D2, Uniform, , , , 
654, Fast Food Moonbirds#655, blue, Tribe 5, None, Fries, Hoodie, , , , 
655, Fast Food Moonbirds#656, gray, Tribe 6, None, Burger, Uniform, , , , 
656, Fast Food Moonbirds#657, blue, Tribe 1, None, Wendy, Gold Chain, , , , 
657, Fast Food Moonbirds#658, pink, Tribe 3, None, White Castle, Uniform, , , , 
658, Fast Food Moonbirds#659, gray, Tribe 4, None, Pizza Hut, Gold Chain, , , , 
659, Fast Food Moonbirds#660, purple, Tribe 8, None, Dunkin D2, Uniform, , , , 
660, Fast Food Moonbirds#661, pink, Tribe 13, Jobs Glasses, MacDonald's Black, Bow Tie, , , , 
661, Fast Food Moonbirds#662, gray, Tribe 3, None, MacDonald's Red, Uniform, , , , 
662, Fast Food Moonbirds#663, yellow, Tribe 5, None, Dunkin D1, Uniform, , , , 
663, Fast Food Moonbirds#664, purple, Tribe 6, None, MacDonald's Red, Hoodie, , , , 
664, Fast Food Moonbirds#665, yellow, Tribe 6, None, Dunkin D1, Hoodie Down, , , , 
665, Fast Food Moonbirds#666, yellow, Tribe 4, None, MacDonald's Red, Uniform, , , , 
666, Fast Food Moonbirds#667, blue, Tribe 1, None, Chef Red, Uniform, , , , 
667, Fast Food Moonbirds#668, pink, Tribe 2, None, Pizza Hut, Uniform, , , , 
668, Fast Food Moonbirds#669, blue, Tribe 8, None, Dunkin D1, None, , , , 
669, Fast Food Moonbirds#670, yellow, Tribe 6, None, MacDonald's Red, Uniform, , , , 
670, Fast Food Moonbirds#671, yellow, Tribe 7, Gazelles, MacDonald's Red, Bow Tie, , , , 
671, Fast Food Moonbirds#672, pink, Tribe 4, None, MacDonald's Black, Uniform, , , , 
672, Fast Food Moonbirds#673, yellow, Tribe 3, 3d Glasses, White Castle, Bow Tie, , , , 
673, Fast Food Moonbirds#674, gray, Tribe 10, None, MacDonald's White, Hoodie Down, , , , 
674, Fast Food Moonbirds#675, pink, Tribe 4, None, Chicken, Uniform, , , , 
675, Fast Food Moonbirds#676, green, Tribe 6, None, Dunkin D2, Uniform, , , , 
676, Fast Food Moonbirds#677, purple, Tribe 10, None, Dunkin D2, None, , , , 
677, Fast Food Moonbirds#678, yellow, Tribe 4, None, MacDonald's Red, Hoodie Down, , , , 
678, Fast Food Moonbirds#679, purple, Tribe 7, None, Dunkin D1, Uniform, , , , 
679, Fast Food Moonbirds#680, yellow, Tribe 2, None, Dunkin D2, Hoodie Down, , , , 
680, Fast Food Moonbirds#681, pink, Tribe 6, Rose Colored Glasses, Dunkin D2, None, , , , 
681, Fast Food Moonbirds#682, gray, Tribe 9, None, MacDonald's Red, Uniform, , , , 
682, Fast Food Moonbirds#683, blue, Tribe 2, None, Wendy, Gold Chain, , , , 
683, Fast Food Moonbirds#684, blue, Tribe 4, Sunglasses, MacDonald's White, Hoodie, , , , 
684, Fast Food Moonbirds#685, yellow, Tribe 4, Sunglasses, MacDonald's Red, Diamond Necklace, , , , 
685, Fast Food Moonbirds#686, purple, Tribe 5, None, Cola, Uniform, , , , 
686, Fast Food Moonbirds#687, gray, Tribe 8, None, Dunkin D2, Hoodie Down, , , , 
687, Fast Food Moonbirds#688, blue, Tribe 8, None, MacDonald's Red, Bow Tie, , , , 
688, Fast Food Moonbirds#689, blue, Tribe 8, None, Wendy, Diamond Necklace, , , , 
689, Fast Food Moonbirds#690, gray, Tribe 1, None, MacDonald's White, None, , , , 
690, Fast Food Moonbirds#691, green, Tribe 7, Gazelles, MacDonald's Red, Hoodie Down, , , , 
691, Fast Food Moonbirds#692, gray, Tribe 4, None, Domino's pizza, Uniform, , , , 
692, Fast Food Moonbirds#693, gray, Tribe 9, None, Chef Red, None, , , , 
693, Fast Food Moonbirds#694, purple, Tribe 8, None, Fries, Uniform, , , , 
694, Fast Food Moonbirds#695, pink, Tribe 4, None, Burger King, Uniform, , , , 
695, Fast Food Moonbirds#696, gray, Tribe 3, None, MacDonald's Black, Bow Tie, , , , 
696, Fast Food Moonbirds#697, purple, Tribe 2, None, MacDonald's Red, Diamond Necklace, , , , 
697, Fast Food Moonbirds#698, pink, Tribe 5, None, Fries, None, , , , 
698, Fast Food Moonbirds#699, yellow, Tribe 1, None, Dunkin D1, Uniform, , , , 
699, Fast Food Moonbirds#700, pink, Tribe 1, None, Chef White, Hoodie, , , , 
700, Fast Food Moonbirds#701, yellow, Tribe 4, None, Burger King, Uniform, , , , 
701, Fast Food Moonbirds#702, blue, Tribe 7, None, Chef White, Hoodie, , , , 
702, Fast Food Moonbirds#703, yellow, Tribe 2, Black Rimmed Glasses, Domino's pizza, None, , , , 
703, Fast Food Moonbirds#704, purple, Tribe 10, None, MacDonald's Black, Hoodie, , , , 
704, Fast Food Moonbirds#705, green, Tribe 6, Jobs Glasses, Dunkin D2, Hoodie Down, , , , 
705, Fast Food Moonbirds#706, yellow, Tribe 1, None, MacDonald's Red, Hoodie, , , , 
706, Fast Food Moonbirds#707, pink, Tribe 2, Black Rimmed Glasses, Chef White, Uniform, , , , 
707, Fast Food Moonbirds#708, green, Tribe 5, None, Dunkin D2, Hoodie, , , , 
708, Fast Food Moonbirds#709, green, Tribe 8, None, Pizza Hut, Hoodie Down, , , , 
709, Fast Food Moonbirds#710, blue, Tribe 3, None, MacDonald's White, Bow Tie, , , , 
710, Fast Food Moonbirds#711, purple, Tribe 4, None, MacDonald's Black, Bow Tie, , , , 
711, Fast Food Moonbirds#712, green, Tribe 2, None, Pizza Hut, Hoodie, , , , 
712, Fast Food Moonbirds#713, green, Tribe 8, 3d Glasses, Wendy, Hoodie, , , , 
713, Fast Food Moonbirds#714, purple, Tribe 1, None, MacDonald's Black, Uniform, , , , 
714, Fast Food Moonbirds#715, purple, Tribe 1, None, Domino's pizza, Hoodie Down, , , , 
715, Fast Food Moonbirds#716, green, Tribe 4, None, MacDonald's White, Hoodie, , , , 
716, Fast Food Moonbirds#717, purple, Tribe 4, None, MacDonald's White, Bow Tie, , , , 
717, Fast Food Moonbirds#718, gray, Tribe 2, None, Burger King, Uniform, , , , 
718, Fast Food Moonbirds#719, blue, Tribe 8, Rose Colored Glasses, Wendy, Bow Tie, , , , 
719, Fast Food Moonbirds#720, purple, Tribe 2, Jobs Glasses, MacDonald's Black, None, , , , 
720, Fast Food Moonbirds#721, gray, Tribe 7, None, Fries, Uniform, , , , 
721, Fast Food Moonbirds#722, yellow, Tribe 5, None, Wendy, Uniform, , , , 
722, Fast Food Moonbirds#723, purple, Tribe 1, None, Burger, Hoodie, , , , 
723, Fast Food Moonbirds#724, green, Tribe 8, None, Wendy, Uniform, , , , 
724, Fast Food Moonbirds#725, gray, Tribe 8, None, Domino's pizza, Uniform, , , , 
725, Fast Food Moonbirds#726, yellow, Tribe 8, None, MacDonald's Black, Uniform, , , , 
726, Fast Food Moonbirds#727, pink, Tribe 8, None, Fries, Diamond Necklace, , , , 
727, Fast Food Moonbirds#728, green, Tribe 1, None, MacDonald's Black, None, , , , 
728, Fast Food Moonbirds#729, gray, Tribe 7, None, MacDonald's Red, Hoodie Down, , , , 
729, Fast Food Moonbirds#730, green, Tribe 1, None, Domino's pizza, Bow Tie, , , , 
730, Fast Food Moonbirds#731, blue, Tribe 1, None, Fries, Hoodie Down, , , , 
731, Fast Food Moonbirds#732, green, Tribe 8, Jobs Glasses, Pizza Hut, None, , , , 
732, Fast Food Moonbirds#733, yellow, Tribe 4, None, Chef White, Uniform, , , , 
733, Fast Food Moonbirds#734, blue, Tribe 3, None, Chef White, Uniform, , , , 
734, Fast Food Moonbirds#735, blue, Tribe 6, Black Rimmed Glasses, Wendy, None, , , , 
735, Fast Food Moonbirds#736, blue, Tribe 2, None, Wendy, Hoodie, , , , 
736, Fast Food Moonbirds#737, gray, Tribe 4, None, Domino's pizza, Bow Tie, , , , 
737, Fast Food Moonbirds#738, yellow, Tribe 3, None, Wendy, None, , , , 
738, Fast Food Moonbirds#739, green, Tribe 5, None, Dunkin D1, Diamond Necklace, , , , 
739, Fast Food Moonbirds#740, blue, Tribe 4, None, Fries, Hoodie Down, , , , 
740, Fast Food Moonbirds#741, green, Tribe 6, Sunglasses, Pizza Hut, None, , , , 
741, Fast Food Moonbirds#742, yellow, Tribe 2, None, Burger King, Hoodie Down, , , , 
742, Fast Food Moonbirds#743, green, Tribe 5, None, MacDonald's Red, Hoodie, , , , 
743, Fast Food Moonbirds#744, gray, Tribe 1, None, White Castle, Hoodie Down, , , , 
744, Fast Food Moonbirds#745, green, Tribe 5, None, Fries, None, , , , 
745, Fast Food Moonbirds#746, purple, Tribe 4, None, Fries, Hoodie, , , , 
746, Fast Food Moonbirds#747, yellow, Tribe 8, Eyepatch, Burger, Gold Chain, , , , 
747, Fast Food Moonbirds#748, yellow, Tribe 2, None, Fries, Uniform, , , , 
748, Fast Food Moonbirds#749, green, Tribe 9, None, MacDonald's White, Bow Tie, , , , 
749, Fast Food Moonbirds#750, blue, Tribe 6, None, MacDonald's White, Hoodie Down, , , , 
750, Fast Food Moonbirds#751, green, Tribe 3, Rose Colored Glasses, Wendy, None, , , , 
751, Fast Food Moonbirds#752, green, Tribe 5, None, White Castle, Hoodie Down, , , , 
752, Fast Food Moonbirds#753, green, Tribe 2, None, Dunkin D2, Bow Tie, , , , 
753, Fast Food Moonbirds#754, pink, Tribe 10, None, Pizza Hut, None, , , , 
754, Fast Food Moonbirds#755, green, Tribe 4, Sunglasses, Dunkin D2, Diamond Necklace, , , , 
755, Fast Food Moonbirds#756, purple, Tribe 2, Jobs Glasses, MacDonald's Red, Hoodie, , , , 
756, Fast Food Moonbirds#757, purple, Tribe 8, 3d Glasses, Dunkin D2, Gold Chain, , , , 
757, Fast Food Moonbirds#758, green, Tribe 7, None, MacDonald's Black, Hoodie Down, , , , 
758, Fast Food Moonbirds#759, blue, Tribe 10, None, MacDonald's Red, Bow Tie, , , , 
759, Fast Food Moonbirds#760, purple, Tribe 6, None, White Castle, Uniform, , , , 
760, Fast Food Moonbirds#761, purple, Tribe 2, None, White Castle, None, , , , 
761, Fast Food Moonbirds#762, green, Tribe 5, None, Pizza Hut, Hoodie, , , , 
762, Fast Food Moonbirds#763, gray, Tribe 3, None, Dunkin D1, None, , , , 
763, Fast Food Moonbirds#764, pink, Tribe 4, None, MacDonald's White, None, , , , 
764, Fast Food Moonbirds#765, pink, Tribe 3, None, MacDonald's Black, None, , , , 
765, Fast Food Moonbirds#766, green, Tribe 4, Visor, Dunkin D2, Hoodie, , , , 
766, Fast Food Moonbirds#767, yellow, Tribe 7, None, Dunkin D2, Hoodie Down, , , , 
767, Fast Food Moonbirds#768, blue, Tribe 5, Rose Colored Glasses, Chef White, Uniform, , , , 
768, Fast Food Moonbirds#769, purple, Tribe 4, None, Dunkin D1, None, , , , 
769, Fast Food Moonbirds#770, purple, Tribe 3, None, Pizza Hut, Uniform, , , , 
770, Fast Food Moonbirds#771, green, Tribe 7, Black Rimmed Glasses, Dunkin D2, Gold Chain, , , , 
771, Fast Food Moonbirds#772, blue, Tribe 4, None, Pizza Hut, Diamond Necklace, , , , 
772, Fast Food Moonbirds#773, pink, Tribe 3, Jobs Glasses, Pizza Hut, Hoodie, , , , 
773, Fast Food Moonbirds#774, pink, Tribe 4, None, Dunkin D1, Hoodie, , , , 
774, Fast Food Moonbirds#775, gray, Tribe 4, None, Dunkin D2, Hoodie Down, , , , 
775, Fast Food Moonbirds#776, blue, Tribe 9, None, Dunkin D1, Hoodie Down, , , , 
776, Fast Food Moonbirds#777, blue, Tribe 2, Jobs Glasses, Fries, Bow Tie, , , , 
777, Fast Food Moonbirds#778, green, Tribe 6, None, MacDonald's Black, Hoodie, , , , 
778, Fast Food Moonbirds#779, yellow, Tribe 4, None, MacDonald's White, Uniform, , , , 
779, Fast Food Moonbirds#780, green, Tribe 1, Sunglasses, MacDonald's Black, Hoodie Down, , , , 
780, Fast Food Moonbirds#781, gray, Tribe 1, None, MacDonald's Red, Diamond Necklace, , , , 
781, Fast Food Moonbirds#782, green, Tribe 7, None, MacDonald's Red, Hoodie Down, , , , 
782, Fast Food Moonbirds#783, pink, Tribe 3, None, Wendy, Uniform, , , , 
783, Fast Food Moonbirds#784, pink, Tribe 7, None, MacDonald's White, Bow Tie, , , , 
784, Fast Food Moonbirds#785, purple, Tribe 8, None, Domino's pizza, Hoodie, , , , 
785, Fast Food Moonbirds#786, yellow, Tribe 4, 3d Glasses, MacDonald's White, Bow Tie, , , , 
786, Fast Food Moonbirds#787, blue, Tribe 4, None, Burger King, None, , , , 
787, Fast Food Moonbirds#788, purple, Tribe 6, None, Dunkin D1, Bow Tie, , , , 
788, Fast Food Moonbirds#789, yellow, Tribe 3, None, Chef Red, Gold Chain, , , , 
789, Fast Food Moonbirds#790, yellow, Tribe 5, None, Chef White, Hoodie Down, , , , 
790, Fast Food Moonbirds#791, blue, Tribe 13, None, MacDonald's White, Uniform, , , , 
791, Fast Food Moonbirds#792, green, Tribe 12, None, Dunkin D1, None, , , , 
792, Fast Food Moonbirds#793, blue, Tribe 4, None, MacDonald's White, Hoodie, , , , 
793, Fast Food Moonbirds#794, gray, Tribe 13, None, Dunkin D1, Diamond Necklace, , , , 
794, Fast Food Moonbirds#795, green, Tribe 4, None, MacDonald's Red, None, , , , 
795, Fast Food Moonbirds#796, yellow, Tribe 1, Eyepatch, Domino's pizza, Hoodie, , , , 
796, Fast Food Moonbirds#797, green, Tribe 3, Eyepatch, MacDonald's Black, Hoodie Down, , , , 
797, Fast Food Moonbirds#798, pink, Tribe 4, None, Fries, Hoodie Down, , , , 
798, Fast Food Moonbirds#799, purple, Tribe 6, None, Domino's pizza, Gold Chain, , , , 
799, Fast Food Moonbirds#800, yellow, Tribe 6, None, Chef White, Uniform, , , , 
800, Fast Food Moonbirds#801, gray, Tribe 4, None, Dunkin D1, Uniform, , , , 
801, Fast Food Moonbirds#802, yellow, Tribe 1, Gazelles, Domino's pizza, Diamond Necklace, , , , 
802, Fast Food Moonbirds#803, green, Tribe 9, Rose Colored Glasses, MacDonald's Red, Hoodie Down, , , , 
803, Fast Food Moonbirds#804, yellow, Tribe 6, None, MacDonald's Black, Hoodie Down, , , , 
804, Fast Food Moonbirds#805, blue, Tribe 1, None, Burger King, Hoodie Down, , , , 
805, Fast Food Moonbirds#806, gray, Tribe 7, None, Pizza Hut, Uniform, , , , 
806, Fast Food Moonbirds#807, green, Tribe 8, None, MacDonald's Red, Uniform, , , , 
807, Fast Food Moonbirds#808, gray, Tribe 4, None, Fries, Bow Tie, , , , 
808, Fast Food Moonbirds#809, purple, Tribe 6, None, Chef White, Hoodie Down, , , , 
809, Fast Food Moonbirds#810, purple, Tribe 5, None, Burger King, Gold Chain, , , , 
810, Fast Food Moonbirds#811, gray, Tribe 3, Sunglasses, Dunkin D2, Hoodie Down, , , , 
811, Fast Food Moonbirds#812, green, Tribe 3, None, Dunkin D1, Uniform, , , , 
812, Fast Food Moonbirds#813, green, Tribe 3, Rose Colored Glasses, MacDonald's White, None, , , , 
813, Fast Food Moonbirds#814, yellow, Tribe 2, None, Domino's pizza, Uniform, , , , 
814, Fast Food Moonbirds#815, blue, Tribe 4, None, MacDonald's Black, Hoodie Down, , , , 
815, Fast Food Moonbirds#816, yellow, Tribe 1, None, Burger, Gold Chain, , , , 
816, Fast Food Moonbirds#817, pink, Tribe 6, None, Wendy, Bow Tie, , , , 
817, Fast Food Moonbirds#818, green, Tribe 1, None, Dunkin D2, None, , , , 
818, Fast Food Moonbirds#819, pink, Tribe 1, None, MacDonald's Red, Hoodie Down, , , , 
819, Fast Food Moonbirds#820, gray, Tribe 1, None, White Castle, Uniform, , , , 
820, Fast Food Moonbirds#821, gray, Tribe 7, None, MacDonald's Red, Bow Tie, , , , 
821, Fast Food Moonbirds#822, purple, Tribe 1, None, Burger King, None, , , , 
822, Fast Food Moonbirds#823, pink, Tribe 6, None, MacDonald's Black, Hoodie Down, , , , 
823, Fast Food Moonbirds#824, blue, Tribe 4, None, Fries, None, , , , 
824, Fast Food Moonbirds#825, pink, Tribe 1, None, Chef White, Bow Tie, , , , 
825, Fast Food Moonbirds#826, yellow, Tribe 10, Black Rimmed Glasses, Chef Red, Uniform, , , , 
826, Fast Food Moonbirds#827, purple, Tribe 10, None, Chef White, Diamond Necklace, , , , 
827, Fast Food Moonbirds#828, gray, Tribe 1, None, Dunkin D2, None, , , , 
828, Fast Food Moonbirds#829, yellow, Tribe 6, Jobs Glasses, Domino's pizza, Bow Tie, , , , 
829, Fast Food Moonbirds#830, yellow, Tribe 4, None, MacDonald's Red, None, , , , 
830, Fast Food Moonbirds#831, blue, Tribe 4, None, MacDonald's Black, Uniform, , , , 
831, Fast Food Moonbirds#832, pink, Tribe 4, None, Burger King, None, , , , 
832, Fast Food Moonbirds#833, gray, Tribe 4, None, MacDonald's White, Hoodie Down, , , , 
833, Fast Food Moonbirds#834, blue, Tribe 8, None, MacDonald's White, Bow Tie, , , , 
834, Fast Food Moonbirds#835, green, Tribe 1, None, Dunkin D1, Uniform, , , , 
835, Fast Food Moonbirds#836, gray, Tribe 1, None, Chef Red, Hoodie Down, , , , 
836, Fast Food Moonbirds#837, blue, Tribe 8, Gazelles, MacDonald's Black, Bow Tie, , , , 
837, Fast Food Moonbirds#838, gray, Tribe 4, 3d Glasses, Burger King, Diamond Necklace, , , , 
838, Fast Food Moonbirds#839, green, Tribe 12, None, Dunkin D1, Hoodie Down, , , , 
839, Fast Food Moonbirds#840, green, Tribe 12, Jobs Glasses, Wendy, Uniform, , , , 
840, Fast Food Moonbirds#841, green, Tribe 8, None, Fries, Uniform, , , , 
841, Fast Food Moonbirds#842, purple, Tribe 1, None, Wendy, Uniform, , , , 
842, Fast Food Moonbirds#843, purple, Tribe 2, None, Pizza Hut, Hoodie Down, , , , 
843, Fast Food Moonbirds#844, green, Tribe 3, None, Wendy, Uniform, , , , 
844, Fast Food Moonbirds#845, purple, Tribe 4, None, Dunkin D2, Hoodie Down, , , , 
845, Fast Food Moonbirds#846, purple, Tribe 3, Rose Colored Glasses, Dunkin D2, Hoodie Down, , , , 
846, Fast Food Moonbirds#847, purple, Tribe 3, None, MacDonald's Black, Bow Tie, , , , 
847, Fast Food Moonbirds#848, purple, Tribe 9, None, White Castle, Uniform, , , , 
848, Fast Food Moonbirds#849, green, Tribe 4, None, Wendy, None, , , , 
849, Fast Food Moonbirds#850, purple, Tribe 7, None, Dunkin D1, None, , , , 
850, Fast Food Moonbirds#851, yellow, Tribe 1, Eyepatch, MacDonald's White, Hoodie, , , , 
851, Fast Food Moonbirds#852, purple, Tribe 9, None, MacDonald's White, Uniform, , , , 
852, Fast Food Moonbirds#853, gray, Tribe 6, None, Burger King, Hoodie, , , , 
853, Fast Food Moonbirds#854, gray, Tribe 7, Black Rimmed Glasses, Fries, Gold Chain, , , , 
854, Fast Food Moonbirds#855, blue, Tribe 2, None, Fries, Bow Tie, , , , 
855, Fast Food Moonbirds#856, green, Tribe 10, 3d Glasses, Dunkin D1, Hoodie Down, , , , 
856, Fast Food Moonbirds#857, pink, Tribe 4, None, MacDonald's Black, Gold Chain, , , , 
857, Fast Food Moonbirds#858, pink, Tribe 1, 3d Glasses, White Castle, Hoodie Down, , , , 
858, Fast Food Moonbirds#859, blue, Tribe 3, None, White Castle, Bow Tie, , , , 
859, Fast Food Moonbirds#860, purple, Tribe 3, None, MacDonald's Red, None, , , , 
860, Fast Food Moonbirds#861, gray, Tribe 2, None, MacDonald's Red, Uniform, , , , 
861, Fast Food Moonbirds#862, green, Tribe 3, None, Chef White, None, , , , 
862, Fast Food Moonbirds#863, yellow, Tribe 1, Gazelles, Domino's pizza, Hoodie, , , , 
863, Fast Food Moonbirds#864, green, Tribe 4, None, Chicken, Bow Tie, , , , 
864, Fast Food Moonbirds#865, green, Tribe 4, None, Wendy, Hoodie Down, , , , 
865, Fast Food Moonbirds#866, blue, Tribe 4, None, Pizza Hut, Hoodie, , , , 
866, Fast Food Moonbirds#867, pink, Tribe 1, None, Domino's pizza, Uniform, , , , 
867, Fast Food Moonbirds#868, blue, Tribe 8, None, MacDonald's White, Uniform, , , , 
868, Fast Food Moonbirds#869, purple, Tribe 4, None, MacDonald's Red, None, , , , 
869, Fast Food Moonbirds#870, gray, Tribe 3, None, Wendy, None, , , , 
870, Fast Food Moonbirds#871, purple, Tribe 4, None, Fries, Uniform, , , , 
871, Fast Food Moonbirds#872, pink, Tribe 3, None, MacDonald's White, Uniform, , , , 
872, Fast Food Moonbirds#873, pink, Tribe 2, None, Pizza Hut, None, , , , 
873, Fast Food Moonbirds#874, pink, Tribe 4, None, MacDonald's White, Uniform, , , , 
874, Fast Food Moonbirds#875, yellow, Tribe 4, None, Cola, Hoodie Down, , , , 
875, Fast Food Moonbirds#876, green, Tribe 3, None, Pizza Hut, Hoodie, , , , 
876, Fast Food Moonbirds#877, pink, Tribe 4, None, Chef Red, Hoodie, , , , 
877, Fast Food Moonbirds#878, purple, Tribe 2, None, Dunkin D1, Uniform, , , , 
878, Fast Food Moonbirds#879, purple, Tribe 5, None, Chef White, None, , , , 
879, Fast Food Moonbirds#880, blue, Tribe 1, None, Fries, Gold Chain, , , , 
880, Fast Food Moonbirds#881, pink, Tribe 8, None, Pizza Hut, None, , , , 
881, Fast Food Moonbirds#882, pink, Tribe 8, Rose Colored Glasses, White Castle, Bow Tie, , , , 
882, Fast Food Moonbirds#883, gray, Tribe 8, Black Rimmed Glasses, Domino's pizza, None, , , , 
883, Fast Food Moonbirds#884, purple, Tribe 3, None, MacDonald's White, Uniform, , , , 
884, Fast Food Moonbirds#885, pink, Tribe 8, None, Burger, Uniform, , , , 
885, Fast Food Moonbirds#886, pink, Tribe 1, 3d Glasses, Dunkin D2, Diamond Necklace, , , , 
886, Fast Food Moonbirds#887, yellow, Tribe 3, None, Chef White, None, , , , 
887, Fast Food Moonbirds#888, yellow, Tribe 4, None, Dunkin D2, Hoodie Down, , , , 
888, Fast Food Moonbirds#889, green, Tribe 8, Jobs Glasses, MacDonald's Red, Hoodie, , , , 
889, Fast Food Moonbirds#890, blue, Tribe 7, None, Domino's pizza, None, , , , 
890, Fast Food Moonbirds#891, blue, Tribe 1, None, MacDonald's Red, Hoodie, , , , 
891, Fast Food Moonbirds#892, pink, Tribe 2, Gazelles, MacDonald's White, None, , , , 
892, Fast Food Moonbirds#893, pink, Tribe 7, None, Dunkin D2, Hoodie, , , , 
893, Fast Food Moonbirds#894, gray, Tribe 4, None, Fries, Gold Chain, , , , 
894, Fast Food Moonbirds#895, blue, Tribe 6, 3d Glasses, Cola, Uniform, , , , 
895, Fast Food Moonbirds#896, yellow, Tribe 8, None, Dunkin D1, Bow Tie, , , , 
896, Fast Food Moonbirds#897, purple, Tribe 8, None, Dunkin D2, Bow Tie, , , , 
897, Fast Food Moonbirds#898, purple, Tribe 3, None, MacDonald's White, None, , , , 
898, Fast Food Moonbirds#899, pink, Tribe 2, None, White Castle, Hoodie Down, , , , 
899, Fast Food Moonbirds#900, green, Tribe 1, None, White Castle, Uniform, , , , 
900, Fast Food Moonbirds#901, gray, Tribe 12, None, MacDonald's Black, Uniform, , , , 
901, Fast Food Moonbirds#902, pink, Tribe 4, None, Wendy, Hoodie Down, , , , 
902, Fast Food Moonbirds#903, green, Tribe 13, None, Burger, Hoodie, , , , 
903, Fast Food Moonbirds#904, yellow, Tribe 2, None, Dunkin D1, Uniform, , , , 
904, Fast Food Moonbirds#905, purple, Tribe 4, Sunglasses, Wendy, Uniform, , , , 
905, Fast Food Moonbirds#906, pink, Tribe 8, None, Chef White, Uniform, , , , 
906, Fast Food Moonbirds#907, yellow, Tribe 4, Gazelles, Wendy, Bow Tie, , , , 
907, Fast Food Moonbirds#908, blue, Tribe 3, None, MacDonald's White, Hoodie Down, , , , 
908, Fast Food Moonbirds#909, gray, Tribe 4, None, Pizza Hut, None, , , , 
909, Fast Food Moonbirds#910, green, Tribe 2, None, White Castle, Hoodie, , , , 
910, Fast Food Moonbirds#911, yellow, Tribe 2, None, MacDonald's Red, Hoodie Down, , , , 
911, Fast Food Moonbirds#912, gray, Tribe 4, None, Domino's pizza, Hoodie Down, , , , 
912, Fast Food Moonbirds#913, blue, Tribe 5, None, MacDonald's White, Uniform, , , , 
913, Fast Food Moonbirds#914, pink, Tribe 4, None, Pizza Hut, Hoodie Down, , , , 
914, Fast Food Moonbirds#915, pink, Tribe 4, None, Burger King, Hoodie, , , , 
915, Fast Food Moonbirds#916, yellow, Tribe 8, None, MacDonald's Red, Bow Tie, , , , 
916, Fast Food Moonbirds#917, yellow, Tribe 2, None, MacDonald's White, Hoodie Down, , , , 
917, Fast Food Moonbirds#918, blue, Tribe 4, None, MacDonald's Black, None, , , , 
918, Fast Food Moonbirds#919, blue, Tribe 2, None, Pizza Hut, Hoodie Down, , , , 
919, Fast Food Moonbirds#920, purple, Tribe 8, Rose Colored Glasses, Dunkin D1, Hoodie, , , , 
920, Fast Food Moonbirds#921, green, Tribe 9, None, Dunkin D2, Uniform, , , , 
921, Fast Food Moonbirds#922, purple, Tribe 7, None, Fries, Hoodie, , , , 
922, Fast Food Moonbirds#923, green, Tribe 3, None, MacDonald's Red, Hoodie Down, , , , 
923, Fast Food Moonbirds#924, gray, Tribe 2, Rose Colored Glasses, MacDonald's Red, None, , , , 
924, Fast Food Moonbirds#925, purple, Tribe 4, None, Cola, None, , , , 
925, Fast Food Moonbirds#926, pink, Tribe 6, 3d Glasses, Wendy, Hoodie Down, , , , 
926, Fast Food Moonbirds#927, blue, Tribe 6, None, Dunkin D2, None, , , , 
927, Fast Food Moonbirds#928, gray, Tribe 3, Black Rimmed Glasses, MacDonald's Red, Bow Tie, , , , 
928, Fast Food Moonbirds#929, purple, Tribe 8, None, Wendy, Gold Chain, , , , 
929, Fast Food Moonbirds#930, green, Tribe 10, None, Fries, Diamond Necklace, , , , 
930, Fast Food Moonbirds#931, blue, Tribe 7, None, Fries, Hoodie Down, , , , 
931, Fast Food Moonbirds#932, blue, Tribe 9, None, MacDonald's Black, Uniform, , , , 
932, Fast Food Moonbirds#933, pink, Tribe 1, None, Pizza Hut, Gold Chain, , , , 
933, Fast Food Moonbirds#934, purple, Tribe 3, None, White Castle, None, , , , 
934, Fast Food Moonbirds#935, gray, Tribe 6, None, Domino's pizza, Hoodie Down, , , , 
935, Fast Food Moonbirds#936, pink, Tribe 4, None, Chef White, Diamond Necklace, , , , 
936, Fast Food Moonbirds#937, yellow, Tribe 3, None, Wendy, Hoodie, , , , 
937, Fast Food Moonbirds#938, blue, Tribe 6, None, Burger King, None, , , , 
938, Fast Food Moonbirds#939, gray, Tribe 6, None, Domino's pizza, Gold Chain, , , , 
939, Fast Food Moonbirds#940, green, Tribe 5, None, Pizza Hut, Bow Tie, , , , 
940, Fast Food Moonbirds#941, blue, Tribe 1, None, Dunkin D1, Diamond Necklace, , , , 
941, Fast Food Moonbirds#942, green, Tribe 3, None, Pizza Hut, Uniform, , , , 
942, Fast Food Moonbirds#943, green, Tribe 5, None, MacDonald's Black, None, , , , 
943, Fast Food Moonbirds#944, pink, Tribe 2, None, Burger King, Uniform, , , , 
944, Fast Food Moonbirds#945, gray, Tribe 10, None, Burger, Hoodie Down, , , , 
945, Fast Food Moonbirds#946, gray, Tribe 1, None, Pizza Hut, Uniform, , , , 
946, Fast Food Moonbirds#947, purple, Tribe 6, None, Dunkin D2, Gold Chain, , , , 
947, Fast Food Moonbirds#948, green, Tribe 4, None, Dunkin D2, Bow Tie, , , , 
948, Fast Food Moonbirds#949, pink, Tribe 2, None, Fries, Hoodie, , , , 
949, Fast Food Moonbirds#950, blue, Tribe 8, None, Chef Red, Uniform, , , , 
950, Fast Food Moonbirds#951, gray, Tribe 8, None, White Castle, Hoodie Down, , , , 
951, Fast Food Moonbirds#952, gray, Tribe 3, None, Dunkin D2, Uniform, , , , 
952, Fast Food Moonbirds#953, gray, Tribe 4, None, Burger King, Hoodie Down, , , , 
953, Fast Food Moonbirds#954, pink, Tribe 10, None, MacDonald's Black, Hoodie, , , , 
954, Fast Food Moonbirds#955, purple, Tribe 3, None, Domino's pizza, Hoodie, , , , 
955, Fast Food Moonbirds#956, purple, Tribe 3, None, Burger King, Hoodie, , , , 
956, Fast Food Moonbirds#957, pink, Tribe 3, None, MacDonald's Red, Uniform, , , , 
957, Fast Food Moonbirds#958, purple, Tribe 6, None, MacDonald's Black, Uniform, , , , 
958, Fast Food Moonbirds#959, gray, Tribe 4, None, Dunkin D2, Hoodie, , , , 
959, Fast Food Moonbirds#960, pink, Tribe 3, None, Burger King, None, , , , 
960, Fast Food Moonbirds#961, gray, Tribe 13, None, Burger King, Hoodie Down, , , , 
961, Fast Food Moonbirds#962, pink, Tribe 5, None, Domino's pizza, Uniform, , , , 
962, Fast Food Moonbirds#963, green, Tribe 6, Jobs Glasses, MacDonald's Black, Hoodie, , , , 
963, Fast Food Moonbirds#964, blue, Tribe 5, None, Chef White, Uniform, , , , 
964, Fast Food Moonbirds#965, green, Tribe 2, None, MacDonald's Black, Hoodie Down, , , , 
965, Fast Food Moonbirds#966, green, Tribe 6, Eyepatch, Wendy, Hoodie, , , , 
966, Fast Food Moonbirds#967, purple, Tribe 5, Sunglasses, MacDonald's Red, Hoodie Down, , , , 
967, Fast Food Moonbirds#968, green, Tribe 8, None, Domino's pizza, Diamond Necklace, , , , 
968, Fast Food Moonbirds#969, blue, Tribe 3, None, Dunkin D1, Hoodie Down, , , , 
969, Fast Food Moonbirds#970, purple, Tribe 6, Gazelles, Pizza Hut, Uniform, , , , 
970, Fast Food Moonbirds#971, green, Tribe 8, None, MacDonald's Red, Hoodie Down, , , , 
971, Fast Food Moonbirds#972, pink, Tribe 2, None, Domino's pizza, Uniform, , , , 
972, Fast Food Moonbirds#973, pink, Tribe 1, None, MacDonald's White, Hoodie Down, , , , 
973, Fast Food Moonbirds#974, purple, Tribe 3, None, Dunkin D2, Uniform, , , , 
974, Fast Food Moonbirds#975, green, Tribe 1, None, Burger King, Uniform, , , , 
975, Fast Food Moonbirds#976, gray, Tribe 10, None, Wendy, Hoodie Down, , , , 
976, Fast Food Moonbirds#977, yellow, Tribe 1, 3d Glasses, Wendy, Uniform, , , , 
977, Fast Food Moonbirds#978, purple, Tribe 3, None, Pizza Hut, Hoodie Down, , , , 
978, Fast Food Moonbirds#979, green, Tribe 2, None, MacDonald's White, None, , , , 
979, Fast Food Moonbirds#980, pink, Tribe 8, Eyepatch, MacDonald's White, Bow Tie, , , , 
980, Fast Food Moonbirds#981, gray, Tribe 8, None, MacDonald's Black, Hoodie Down, , , , 
981, Fast Food Moonbirds#982, yellow, Tribe 4, None, MacDonald's White, Hoodie Down, , , , 
982, Fast Food Moonbirds#983, blue, Tribe 2, None, Fries, Hoodie Down, , , , 
983, Fast Food Moonbirds#984, gray, Tribe 6, None, Domino's pizza, None, , , , 
984, Fast Food Moonbirds#985, purple, Tribe 2, None, Fries, Uniform, , , , 
985, Fast Food Moonbirds#986, gray, Tribe 2, None, Dunkin D1, Hoodie Down, , , , 
986, Fast Food Moonbirds#987, gray, Tribe 3, None, Fries, Hoodie Down, , , , 
987, Fast Food Moonbirds#988, green, Tribe 1, 3d Glasses, Wendy, Uniform, , , , 
988, Fast Food Moonbirds#989, gray, Tribe 1, None, MacDonald's Black, Gold Chain, , , , 
989, Fast Food Moonbirds#990, blue, Tribe 4, None, MacDonald's Red, Uniform, , , , 
990, Fast Food Moonbirds#991, purple, Tribe 2, None, MacDonald's White, Hoodie Down, , , , 
991, Fast Food Moonbirds#992, blue, Tribe 10, None, White Castle, Bow Tie, , , , 
992, Fast Food Moonbirds#993, purple, Tribe 4, Eyepatch, Dunkin D1, Uniform, , , , 
993, Fast Food Moonbirds#994, green, Tribe 2, None, Dunkin D2, Hoodie Down, , , , 
994, Fast Food Moonbirds#995, green, Tribe 7, None, MacDonald's White, Uniform, , , , 
995, Fast Food Moonbirds#996, green, Tribe 3, Rose Colored Glasses, White Castle, None, , , , 
996, Fast Food Moonbirds#997, , , , , , 1-1#1, , , 
997, Fast Food Moonbirds#998, , , , , , , 1-1#1, , 
998, Fast Food Moonbirds#999, , , , , , , , 1-1#1, 
999, Fast Food Moonbirds#1000, , , , , , , , , 1-1#1
